CHP,Geothermal,GSHP,Solar,Waste Heat,Grid,Boiler,CO2,Total Cost,,,
0.342510342,0,0,0,0,0,0,0,6055062.971,6055063,369,2353822
0.041371711,0.104965035,0.119360728,0.399725097,0.149955109,0.025787634,0.147073921,14.09843514,8157357.279,8157357,738,2330551
0.020652298,0.096663048,0.008910114,0.496671575,0.080078163,0.021902357,0.095170843,28.34055809,7428139.674,7428140,1107,2217749.006
0.067894837,0.167321853,0.040095914,0.226048704,0.118127442,0.037752088,0.033285101,4.055800954,8444741.551,8444742,1476,2217122
0.065553861,0.046472011,0.121889917,0.434949054,0.171745474,0.03321489,0.162109261,9.552232866,8585120.751,8585121,1845,2217116
0.020638898,0.142137996,0.016050773,0.147963132,0.125423811,0.001352761,0.152483476,5.345424335,1747849406,10000000,,
0.008883263,0.081618716,0.114022554,0.416017223,0.004764249,0.067278888,0.10434775,16.75748969,7531299.01,7531299,,
0.002473154,0.101414754,0.006789184,0.236139019,0.054021219,0.032196137,0.136414553,17.72198523,230218714.1,10000000,,
0.100414935,0.062598407,0.122889617,0.201802367,0.079700651,0.060712574,0.07310832,13.25665346,9101183.892,9101184,,
0.076888894,0,0,0,0,0,0,0,3365222989,10000000,,
0.342510342,0.122063934,0,0,0,0,0,0,8749701.256,8749701,,
0.342510342,0,0.088867185,0,0,0,0,0,7368903.24,7368903,,
0.342510342,0,0,0.320777348,0,0,0,0,7828835.774,7828836,,
0.342510342,0,0,0,0.069252537,0,0,0,6281016.967,6281017,,
0.342510342,0,0,0,0,0.051624874,0,0,6521333.092,6521333,,
0.342510342,0,0,0,0,0,0.029272289,0,6179543.827,6179544,,
0.342510342,0,0,0,0,0,0,4.765803598,6076912.252,6076912,,
0.114055944,0,0,0,0,0,0,0,2539253.919,2539254,,
0.114055934,0,0,0,0,0,0,0,2539253.766,2539254,,
0.114055944,1.00E-08,0,0,0,0,0,0,5093496.704,5093497,,
0.114055944,0,1.00E-08,0,0,0,0,0,3692473.352,3692473,,
0.114055944,0,0,1.00E-08,0,0,0,0,4313026.722,4313027,,
0.114055944,0,0,0,1.00E-08,0,0,0,2539253.952,2539254,,
0.114055944,0,0,0,0,1.00E-08,0,0,2539254.01,2539254,,
0.114055944,0,0,0,0,0,1.00E-08,0,2661824.633,2661825,,
0.114055944,0,0,0,0,0,0,1.00E-08,2539253.919,2539254,,
0,0,0,0,0,0,0,0,8.30083E+12,10000000,,
1.00E-08,0,0,0,0,0,0,0,8.30083E+12,10000000,,
0,1.00E-08,0,0,0,0,0,0,8.30083E+12,10000000,,
0,0,1.00E-08,0,0,0,0,0,8.30083E+12,10000000,,
0,0,0,1.00E-08,0,0,0,0,8.30083E+12,10000000,,
0,0,0,0,1.00E-08,0,0,0,8.30083E+12,10000000,,
0,0,0,0,0,1.00E-08,0,0,8.30083E+12,10000000,,
0,0,0,0,0,0,1.00E-08,0,8.30083E+12,10000000,,
0,0,0,0,0,0,0,1.00E-08,8.30083E+12,10000000,,
0.110062748,0,0,0,0,0,0,0,38835390.78,10000000,,
0.110062758,0,0,0,0,0,0,0,38835208.84,10000000,,
0.110062748,1.00E-08,0,0,0,0,0,0,41389512.97,10000000,,
0.110062748,0,1.00E-08,0,0,0,0,0,39988489.62,10000000,,
0.110062748,0,0,1.00E-08,0,0,0,0,40609163.59,10000000,,
0.110062748,0,0,0,1.00E-08,0,0,0,38835270.22,10000000,,
0.110062748,0,0,0,0,1.00E-08,0,0,38835390.87,10000000,,
0.110062748,0,0,0,0,0,1.00E-08,0,38957840.9,10000000,,
0.110062748,0,0,0,0,0,0,1.00E-08,38835390.78,10000000,,
0.114052574,0,0,0,0,0,0,0,2539227.952,2539228,,
0.114052584,0,0,0,0,0,0,0,2539227.952,2539228,,
0.114052574,1.00E-08,0,0,0,0,0,0,5093470.634,5093471,,
0.114052574,0,1.00E-08,0,0,0,0,0,3692447.282,3692447,,
0.114052574,0,0,1.00E-08,0,0,0,0,4313000.755,4313001,,
0.114052574,0,0,0,1.00E-08,0,0,0,2539227.882,2539228,,
0.114052574,0,0,0,0,1.00E-08,0,0,2539228.042,2539228,,
0.114052574,0,0,0,0,0,1.00E-08,0,2661798.564,2661799,,
0.114052574,0,0,0,0,0,0,1.00E-08,2539227.952,2539228,,
0.114052198,0,0,0,5.52E-07,0,0,0,2539224.125,2539224,,
0.114052208,0,0,0,5.52E-07,0,0,0,2539224.125,2539224,,
0.114052198,1.00E-08,0,0,5.52E-07,0,0,0,5093466.807,5093467,,
0.114052198,0,1.00E-08,0,5.52E-07,0,0,0,3692443.455,3692443,,
0.114052198,0,0,1.00E-08,5.52E-07,0,0,0,4312996.928,4312997,,
0.114052198,0,0,0,5.62E-07,0,0,0,2539224.055,2539224,,
0.114052198,0,0,0,5.52E-07,1.00E-08,0,0,2539224.215,2539224,,
0.114052198,0,0,0,5.52E-07,0,1.00E-08,0,2661794.736,2661795,,
0.114052198,0,0,0,5.52E-07,0,0,1.00E-08,2539224.125,2539224,,
0.114050692,0,0,0,2.76E-06,0,0,0,2539208.822,2539209,,
0.114050702,0,0,0,2.76E-06,0,0,0,2539208.82,2539209,,
0.114050692,1.00E-08,0,0,2.76E-06,0,0,0,5093451.503,5093452,,
0.114050692,0,1.00E-08,0,2.76E-06,0,0,0,3692428.151,3692428,,
0.114050692,0,0,1.00E-08,2.76E-06,0,0,0,4312981.625,4312982,,
0.114050692,0,0,0,2.77E-06,0,0,0,2539208.751,2539209,,
0.114050692,0,0,0,2.76E-06,1.00E-08,0,0,2539208.912,2539209,,
0.114050692,0,0,0,2.76E-06,0,1.00E-08,0,2661779.433,2661779,,
0.114050692,0,0,0,2.76E-06,0,0,1.00E-08,2539208.822,2539209,,
0.114044667,0,0,0,1.16E-05,0,0,0,2539147.696,2539148,,
0.114044677,0,0,0,1.16E-05,0,0,0,2539147.686,2539148,,
0.114044667,1.00E-08,0,0,1.16E-05,0,0,0,5093390.372,5093390,,
0.114044667,0,1.00E-08,0,1.16E-05,0,0,0,3692367.02,3692367,,
0.114044667,0,0,1.00E-08,1.16E-05,0,0,0,4312920.499,4312920,,
0.114044667,0,0,0,1.16E-05,0,0,0,2539147.62,2539148,,
0.114044667,0,0,0,1.16E-05,1.00E-08,0,0,2539147.786,2539148,,
0.114044667,0,0,0,1.16E-05,0,1.00E-08,0,2661718.301,2661718,,
0.114044667,0,0,0,1.16E-05,0,0,1.00E-08,2539147.696,2539148,,
0.11402057,0,0,0,4.69E-05,0,0,0,2538904.54,2538905,,
0.11402058,0,0,0,4.69E-05,0,0,0,2538904.499,2538904,,
0.11402057,1.00E-08,0,0,4.69E-05,0,0,0,5093147.195,5093147,,
0.11402057,0,1.00E-08,0,4.69E-05,0,0,0,3692123.844,3692124,,
0.11402057,0,0,1.00E-08,4.69E-05,0,0,0,4312677.343,4312677,,
0.11402057,0,0,0,4.70E-05,0,0,0,2538904.444,2538904,,
0.11402057,0,0,0,4.69E-05,1.00E-08,0,0,2538904.631,2538905,,
0.11402057,0,0,0,4.69E-05,0,1.00E-08,0,2661475.125,2661475,,
0.11402057,0,0,0,4.69E-05,0,0,1.00E-08,2538904.54,2538905,,
0.11392418,0,0,0,0.000188339,0,0,0,2537953.502,2537954,,
0.11392419,0,0,0,0.000188339,0,0,0,2537953.335,2537953,,
0.11392418,1.00E-08,0,0,0.000188339,0,0,0,5092196.074,5092196,,
0.11392418,0,1.00E-08,0,0.000188339,0,0,0,3691172.722,3691173,,
0.11392418,0,0,1.00E-08,0.000188339,0,0,0,4311726.305,4311726,,
0.11392418,0,0,0,0.000188349,0,0,0,2537953.322,2537953,,
0.11392418,0,0,0,0.000188339,1.00E-08,0,0,2537953.592,2537954,,
0.11392418,0,0,0,0.000188339,0,1.00E-08,0,2660524.003,2660524,,
0.11392418,0,0,0,0.000188339,0,0,1.00E-08,2537953.502,2537954,,
0.113538623,0,0,0,0.00075391,0,0,0,2534494.683,2534495,,
0.113538633,0,0,0,0.00075391,0,0,0,2534494.014,2534494,,
0.113538623,1.00E-08,0,0,0.00075391,0,0,0,5088736.922,5088737,,
0.113538623,0,1.00E-08,0,0.00075391,0,0,0,3687713.571,3687714,,
0.113538623,0,0,1.00E-08,0.00075391,0,0,0,4308267.486,4308267,,
0.113538623,0,0,0,0.00075392,0,0,0,2534494.171,2534494,,
0.113538623,0,0,0,0.00075391,1.00E-08,0,0,2534494.773,2534495,,
0.113538623,0,0,0,0.00075391,0,1.00E-08,0,2657064.852,2657065,,
0.113538623,0,0,0,0.00075391,0,0,1.00E-08,2534494.683,2534495,,
0.108649009,0,0,0,0.008041395,0,0,0,2497428.448,2497428,,
0.108649019,0,0,0,0.008041395,0,0,0,2497424.885,2497425,,
0.108649009,1.00E-08,0,0,0.008041395,0,0,0,5051668.771,5051669,,
0.108649009,0,1.00E-08,0,0.008041395,0,0,0,3650645.419,3650645,,
0.108649009,0,0,1.00E-08,0.008041395,0,0,0,4271201.251,4271201,,
0.108649009,0,0,0,0.008041405,0,0,0,2497426.019,2497426,,
0.108649009,0,0,0,0.008041395,1.00E-08,0,0,2497428.539,2497429,,
0.108649009,0,0,0,0.008041395,0,1.00E-08,0,2619996.701,2619997,,
0.108649009,0,0,0,0.008041395,0,0,1.00E-08,2497428.448,2497428,,
0.094495594,0,0,0,0.029267373,0,0,0,2405950.533,2405951,,
0.094495604,0,0,0,0.029267373,0,0,0,2405942.57,2405943,,
0.094495594,1.00E-08,0,0,0.029267373,0,0,0,4960187.942,4960188,,
0.094495594,0,1.00E-08,0,0.029267373,0,0,0,3559164.59,3559165,,
0.094495594,0,0,1.00E-08,0.029267373,0,0,0,4179723.336,4179723,,
0.094495594,0,0,0,0.029267383,0,0,0,2405945.19,2405945,,
0.094495594,0,0,0,0.029267373,1.00E-08,0,0,2405950.623,2405951,,
0.094495594,0,0,0,0.029267373,0,1.00E-08,0,2528515.871,2528516,,
0.094495594,0,0,0,0.029267373,0,0,1.00E-08,2405950.533,2405951,,
0.053169983,0,0,0,0.091427535,0,0,0,4161848373,10000000,,
0.053169993,0,0,0,0.091427535,0,0,0,4161789992,10000000,,
0.053169983,1.00E-08,0,0,0.091427535,0,0,0,4164402606,10000000,,
0.053169983,0,1.00E-08,0,0.091427535,0,0,0,4163001582,10000000,,
0.053169983,0,0,1.00E-08,0.091427535,0,0,0,4163622058,10000000,,
0.053169983,0,0,0,0.091427545,0,0,0,4161848363,10000000,,
0.053169983,0,0,0,0.091427535,1.00E-08,0,0,4161847682,10000000,,
0.053169983,0,0,0,0.091427535,0,1.00E-08,0,4161958907,10000000,,
0.053169983,0,0,0,0.091427535,0,0,1.00E-08,4161848264,10000000,,
0.080965676,0,0,0,0.04961848,0,0,0,127502857.1,10000000,,
0.080965686,0,0,0,0.04961848,0,0,0,127502658.8,10000000,,
0.080965676,1.00E-08,0,0,0.04961848,0,0,0,130057092.9,10000000,,
0.080965676,0,1.00E-08,0,0.04961848,0,0,0,128656069.6,10000000,,
0.080965676,0,0,1.00E-08,0.04961848,0,0,0,129276601.5,10000000,,
0.080965676,0,0,0,0.04961849,0,0,0,127502850.2,10000000,,
0.080965676,0,0,0,0.04961848,1.00E-08,0,0,127502633.4,10000000,,
0.080965676,0,0,0,0.04961848,0,1.00E-08,0,127625420.9,10000000,,
0.080965676,0,0,0,0.04961848,0,0,1.00E-08,127502857.1,10000000,,
0.094490135,0,0,0,0.029275585,0,0,0,2405910.457,2405910,,
0.094490145,0,0,0,0.029275585,0,0,0,2405902.493,2405902,,
0.094490135,1.00E-08,0,0,0.029275585,0,0,0,4960147.865,4960148,,
0.094490135,0,1.00E-08,0,0.029275585,0,0,0,3559124.514,3559125,,
0.094490135,0,0,1.00E-08,0.029275585,0,0,0,4179683.26,4179683,,
0.094490135,0,0,0,0.029275595,0,0,0,2405905.114,2405905,,
0.094490135,0,0,0,0.029275585,1.00E-08,0,0,2405910.547,2405911,,
0.094490135,0,0,0,0.029275585,0,1.00E-08,0,2528475.795,2528476,,
0.094490135,0,0,0,0.029275585,0,0,1.00E-08,2405910.457,2405910,,
0.085563992,0,0,0,0.042701896,0,0,0,56017005.77,10000000,,
0.085564002,0,0,0,0.042701896,0,0,0,56016873.15,10000000,,
0.085563992,1.00E-08,0,0,0.042701896,0,0,0,58571242.13,10000000,,
0.085563992,0,1.00E-08,0,0.042701896,0,0,0,57170218.78,10000000,,
0.085563992,0,0,1.00E-08,0.042701896,0,0,0,57790759.96,10000000,,
0.085563992,0,0,0,0.042701906,0,0,0,56016999.38,10000000,,
0.085563992,0,0,0,0.042701896,1.00E-08,0,0,56016859.33,10000000,,
0.085563992,0,0,0,0.042701896,0,1.00E-08,0,56139570.06,10000000,,
0.085563992,0,0,0,0.042701896,0,0,1.00E-08,56017005.77,10000000,,
0.094484547,0,0,0,0.029283989,0,0,0,2405869.444,2405869,,
0.094484557,0,0,0,0.029283989,0,0,0,2405861.48,2405861,,
0.094484547,1.00E-08,0,0,0.029283989,0,0,0,4960106.852,4960107,,
0.094484547,0,1.00E-08,0,0.029283989,0,0,0,3559083.501,3559084,,
0.094484547,0,0,1.00E-08,0.029283989,0,0,0,4179642.247,4179642,,
0.094484547,0,0,0,0.029283999,0,0,0,2405864.1,2405864,,
0.094484547,0,0,0,0.029283989,1.00E-08,0,0,2405869.534,2405870,,
0.094484547,0,0,0,0.029283989,0,1.00E-08,0,2528434.782,2528435,,
0.094484547,0,0,0,0.029283989,0,0,1.00E-08,2405869.444,2405869,,
0.088596981,0,0,0,0.038139807,0,0,0,25198248.23,10000000,,
0.088596991,0,0,0,0.038139807,0,0,0,25198158.95,10000000,,
0.088596981,1.00E-08,0,0,0.038139807,0,0,0,27752484.95,10000000,,
0.088596981,0,1.00E-08,0,0.038139807,0,0,0,26351461.6,10000000,,
0.088596981,0,0,1.00E-08,0.038139807,0,0,0,26972008.9,10000000,,
0.088596981,0,0,0,0.038139817,0,0,0,25198242.2,10000000,,
0.088596981,0,0,0,0.038139807,1.00E-08,0,0,25198152.75,10000000,,
0.088596981,0,0,0,0.038139807,0,1.00E-08,0,25320812.88,10000000,,
0.088596981,0,0,0,0.038139807,0,0,1.00E-08,25198248.23,10000000,,
0.094478761,0,0,0,0.029292692,0,0,0,2405826.978,2405827,,
0.094478771,0,0,0,0.029292692,0,0,0,2405819.013,2405819,,
0.094478761,1.00E-08,0,0,0.029292692,0,0,0,4960064.386,4960064,,
0.094478761,0,1.00E-08,0,0.029292692,0,0,0,3559041.034,3559041,,
0.094478761,0,0,1.00E-08,0.029292692,0,0,0,4179599.781,4179600,,
0.094478761,0,0,0,0.029292702,0,0,0,2405821.634,2405822,,
0.094478761,0,0,0,0.029292692,1.00E-08,0,0,2405827.068,2405827,,
0.094478761,0,0,0,0.029292692,0,1.00E-08,0,2528392.315,2528392,,
0.094478761,0,0,0,0.029292692,0,0,1.00E-08,2405826.978,2405827,,
0.090596786,0,0,0,0.035131788,0,0,0,11979789.63,10000000,,
0.090596796,0,0,0,0.035131788,0,0,0,11979728.92,10000000,,
0.090596786,1.00E-08,0,0,0.035131788,0,0,0,14534026.58,10000000,,
0.090596786,0,1.00E-08,0,0.035131788,0,0,0,13133003.23,10000000,,
0.090596786,0,0,1.00E-08,0.035131788,0,0,0,13753554.56,10000000,,
0.090596786,0,0,0,0.035131798,0,0,0,11979783.83,10000000,,
0.090596786,0,0,0,0.035131788,1.00E-08,0,0,11979727.74,10000000,,
0.090596786,0,0,0,0.035131788,0,1.00E-08,0,12102354.51,10000000,,
0.090596786,0,0,0,0.035131788,0,0,1.00E-08,11979789.63,10000000,,
0.09447266,0,0,0,0.029301869,0,0,0,2405782.2,2405782,,
0.09447267,0,0,0,0.029301869,0,0,0,2405774.234,2405774,,
0.09447266,1.00E-08,0,0,0.029301869,0,0,0,4960019.607,4960020,,
0.09447266,0,1.00E-08,0,0.029301869,0,0,0,3558996.255,3558996,,
0.09447266,0,0,1.00E-08,0.029301869,0,0,0,4179555.003,4179555,,
0.09447266,0,0,0,0.029301879,0,0,0,2405776.855,2405777,,
0.09447266,0,0,0,0.029301869,1.00E-08,0,0,2405782.29,2405782,,
0.09447266,0,0,0,0.029301869,0,1.00E-08,0,2528347.536,2528348,,
0.09447266,0,0,0,0.029301869,0,0,1.00E-08,2405782.2,2405782,,
0.091914583,0,0,0,0.033149616,0,0,0,6354299.899,6354300,,
0.091914593,0,0,0,0.033149616,0,0,0,6354258.019,6354258,,
0.091914583,1.00E-08,0,0,0.033149616,0,0,0,8908537.006,8908537,,
0.091914583,0,1.00E-08,0,0.033149616,0,0,0,7507513.655,7507514,,
0.091914583,0,0,1.00E-08,0.033149616,0,0,0,8128067.643,8128068,,
0.091914583,0,0,0,0.033149626,0,0,0,6354294.255,6354294,,
0.091914583,0,0,0,0.033149616,1.00E-08,0,0,6354260.154,6354260,,
0.091914583,0,0,0,0.033149616,0,1.00E-08,0,6476864.936,6476865,,
0.091914583,0,0,0,0.033149616,0,0,1.00E-08,6354299.899,6354300,,
0.094466037,0,0,0,0.029311831,0,0,0,2405733.594,2405734,,
0.094466047,0,0,0,0.029311831,0,0,0,2405725.627,2405726,,
0.094466037,1.00E-08,0,0,0.029311831,0,0,0,4959971,4959971,,
0.094466037,0,1.00E-08,0,0.029311831,0,0,0,3558947.648,3558948,,
0.094466037,0,0,1.00E-08,0.029311831,0,0,0,4179506.397,4179506,,
0.094466037,0,0,0,0.029311841,0,0,0,2405728.248,2405728,,
0.094466037,0,0,0,0.029311831,1.00E-08,0,0,2405733.684,2405734,,
0.094466037,0,0,0,0.029311831,0,1.00E-08,0,2528298.929,2528299,,
0.094466037,0,0,0,0.029311831,0,0,1.00E-08,2405733.594,2405734,,
0.092782078,0,0,0,0.031844769,0,0,0,3988779.963,3988780,,
0.092782088,0,0,0,0.031844769,0,0,0,3988750.479,3988750,,
0.092782078,1.00E-08,0,0,0.031844769,0,0,0,6543017.172,6543017,,
0.092782078,0,1.00E-08,0,0.031844769,0,0,0,5141993.821,5141994,,
0.092782078,0,0,1.00E-08,0.031844769,0,0,0,5762549.558,5762550,,
0.092782078,0,0,0,0.031844779,0,0,0,3988774.421,3988774,,
0.092782078,0,0,0,0.031844769,1.00E-08,0,0,3988754.793,3988755,,
0.092782078,0,0,0,0.031844769,0,1.00E-08,0,4111345.102,4111345,,
0.092782078,0,0,0,0.031844769,0,0,1.00E-08,3988779.963,3988780,,
0.094458489,0,0,0,0.029323185,0,0,0,2405678.203,2405678,,
0.094458499,0,0,0,0.029323185,0,0,0,2405670.234,2405670,,
0.094458489,1.00E-08,0,0,0.029323185,0,0,0,4959915.608,4959916,,
0.094458489,0,1.00E-08,0,0.029323185,0,0,0,3558892.256,3558892,,
0.094458489,0,0,1.00E-08,0.029323185,0,0,0,4179451.006,4179451,,
0.094458489,0,0,0,0.029323195,0,0,0,2405672.856,2405673,,
0.094458489,0,0,0,0.029323185,1.00E-08,0,0,2405678.293,2405678,,
0.094458489,0,0,0,0.029323185,0,1.00E-08,0,2528243.537,2528244,,
0.094458489,0,0,0,0.029323185,0,0,1.00E-08,2405678.203,2405678,,
0.093352057,0,0,0,0.030987431,0,0,0,3012683.078,3012683,,
0.093352067,0,0,0,0.030987431,0,0,0,3012661.738,3012662,,
0.093352057,1.00E-08,0,0,0.030987431,0,0,0,5566920.354,5566920,,
0.093352057,0,1.00E-08,0,0.030987431,0,0,0,4165897.002,4165897,,
0.093352057,0,0,1.00E-08,0.030987431,0,0,0,4786453.889,4786454,,
0.093352057,0,0,0,0.030987441,0,0,0,3012677.602,3012678,,
0.093352057,0,0,0,0.030987431,1.00E-08,0,0,3012667.483,3012667,,
0.093352057,0,0,0,0.030987431,0,1.00E-08,0,3135248.283,3135248,,
0.093352057,0,0,0,0.030987431,0,0,1.00E-08,3012683.078,3012683,,
0.094449085,0,0,0,0.02933733,0,0,0,2405609.201,2405609,,
0.094449095,0,0,0,0.02933733,0,0,0,2405601.231,2405601,,
0.094449085,1.00E-08,0,0,0.02933733,0,0,0,4959846.605,4959847,,
0.094449085,0,1.00E-08,0,0.02933733,0,0,0,3558823.253,3558823,,
0.094449085,0,0,1.00E-08,0.02933733,0,0,0,4179382.004,4179382,,
0.094449085,0,0,0,0.02933734,0,0,0,2405603.853,2405604,,
0.094449085,0,0,0,0.02933733,1.00E-08,0,0,2405609.292,2405609,,
0.094449085,0,0,0,0.02933733,0,1.00E-08,0,2528174.535,2528175,,
0.094449085,0,0,0,0.02933733,0,0,1.00E-08,2405609.201,2405609,,
0.093725047,0,0,0,0.030426396,0,0,0,2622118.402,2622118,,
0.093725057,0,0,0,0.030426396,0,0,0,2622102.392,2622102,,
0.093725047,1.00E-08,0,0,0.030426396,0,0,0,5176355.721,5176356,,
0.093725047,0,1.00E-08,0,0.030426396,0,0,0,3775332.37,3775332,,
0.093725047,0,0,1.00E-08,0.030426396,0,0,0,4395890.009,4395890,,
0.093725047,0,0,0,0.030426406,0,0,0,2622112.97,2622113,,
0.093725047,0,0,0,0.030426396,1.00E-08,0,0,2622109.073,2622109,,
0.093725047,0,0,0,0.030426396,0,1.00E-08,0,2744683.651,2744684,,
0.093725047,0,0,0,0.030426396,0,0,1.00E-08,2622118.402,2622118,,
0.094434908,0,0,0,0.029358655,0,0,0,2405505.182,2405505,,
0.094434918,0,0,0,0.029358655,0,0,0,2405497.209,2405497,,
0.094434908,1.00E-08,0,0,0.029358655,0,0,0,4959742.584,4959743,,
0.094434908,0,1.00E-08,0,0.029358655,0,0,0,3558719.232,3558719,,
0.094434908,0,0,1.00E-08,0.029358655,0,0,0,4179277.985,4179278,,
0.094434908,0,0,0,0.029358665,0,0,0,2405499.832,2405500,,
0.094434908,0,0,0,0.029358655,1.00E-08,0,0,2405505.272,2405505,,
0.094434908,0,0,0,0.029358655,0,1.00E-08,0,2528070.514,2528071,,
0.094434908,0,0,0,0.029358655,0,0,1.00E-08,2405505.182,2405505,,
0.0939664,0,0,0,0.030063364,0,0,0,2474019.778,2474020,,
0.09396641,0,0,0,0.030063364,0,0,0,2474007.216,2474007,,
0.0939664,1.00E-08,0,0,0.030063364,0,0,0,5028257.126,5028257,,
0.0939664,0,1.00E-08,0,0.030063364,0,0,0,3627233.774,3627234,,
0.0939664,0,0,1.00E-08,0.030063364,0,0,0,4247791.9,4247792,,
0.0939664,0,0,0,0.030063374,0,0,0,2474014.374,2474014,,
0.0939664,0,0,0,0.030063364,1.00E-08,0,0,2474014.504,2474015,,
0.0939664,0,0,0,0.030063364,0,1.00E-08,0,2596585.055,2596585,,
0.0939664,0,0,0,0.030063364,0,0,1.00E-08,2474019.778,2474020,,
0.094403719,0,0,0,0.029405567,0,0,0,2405276.402,2405276,,
0.094403729,0,0,0,0.029405567,0,0,0,2405268.424,2405268,,
0.094403719,1.00E-08,0,0,0.029405567,0,0,0,4959513.801,4959514,,
0.094403719,0,1.00E-08,0,0.029405567,0,0,0,3558490.449,3558490,,
0.094403719,0,0,1.00E-08,0.029405567,0,0,0,4179049.205,4179049,,
0.094403719,0,0,0,0.029405577,0,0,0,2405271.049,2405271,,
0.094403719,0,0,0,0.029405567,1.00E-08,0,0,2405276.493,2405276,,
0.094403719,0,0,0,0.029405567,0,1.00E-08,0,2527841.731,2527842,,
0.094403719,0,0,0,0.029405567,0,0,1.00E-08,2405276.402,2405276,,
0.094115088,0,0,0,0.029839713,0,0,0,2423704.627,2423705,,
0.094115098,0,0,0,0.029839713,0,0,0,2423694.19,2423694,,
0.094115088,1.00E-08,0,0,0.029839713,0,0,0,4977941.992,4977942,,
0.094115088,0,1.00E-08,0,0.029839713,0,0,0,3576918.64,3576919,,
0.094115088,0,0,1.00E-08,0.029839713,0,0,0,4197477.066,4197477,,
0.094115088,0,0,0,0.029839723,0,0,0,2423699.24,2423699,,
0.094115088,0,0,0,0.029839713,1.00E-08,0,0,2423701.851,2423702,,
0.094115088,0,0,0,0.029839713,0,1.00E-08,0,2546269.921,2546270,,
0.094115088,0,0,0,0.029839713,0,0,1.00E-08,2423704.627,2423705,,
0.114055944,0,0,0,0.172224475,0,0,0,3101180.025,3101180,,
0.114055934,0,0,0,0.172224475,0,0,0,3101179.871,3101180,,
0.114055944,1.00E-08,0,0,0.172224475,0,0,0,5655422.809,5655423,,
0.114055944,0,1.00E-08,0,0.172224475,0,0,0,4254399.457,4254399,,
0.114055944,0,0,1.00E-08,0.172224475,0,0,0,4874952.828,4874953,,
0.114055944,0,0,0,0.172224465,0,0,0,3101179.992,3101180,,
0.114055944,0,0,0,0.172224475,1.00E-08,0,0,3101180.115,3101180,,
0.114055944,0,0,0,0.172224475,0,1.00E-08,0,3223750.739,3223751,,
0.114055944,0,0,0,0.172224475,0,0,1.00E-08,3101180.025,3101180,,
0.100945239,0,0,0,0.076404693,0,0,0,2586775.864,2586776,,
0.100945249,0,0,0,0.076404693,0,0,0,2586776.018,2586776,,
0.100945239,1.00E-08,0,0,0.076404693,0,0,0,5141018.649,5141019,,
0.100945239,0,1.00E-08,0,0.076404693,0,0,0,3739995.297,3739995,,
0.100945239,0,0,1.00E-08,0.076404693,0,0,0,4360548.667,4360549,,
0.100945239,0,0,0,0.076404703,0,0,0,2586775.897,2586776,,
0.100945239,0,0,0,0.076404693,1.00E-08,0,0,2586775.955,2586776,,
0.100945239,0,0,0,0.076404693,0,1.00E-08,0,2709346.578,2709347,,
0.100945239,0,0,0,0.076404693,0,0,1.00E-08,2586775.864,2586776,,
0.096628965,0,0,0,0.044859143,0,0,0,2417425.011,2417425,,
0.096628975,0,0,0,0.044859143,0,0,0,2417425.165,2417425,,
0.096628965,1.00E-08,0,0,0.044859143,0,0,0,4971667.795,4971668,,
0.096628965,0,1.00E-08,0,0.044859143,0,0,0,3570644.443,3570644,,
0.096628965,0,0,1.00E-08,0.044859143,0,0,0,4191197.814,4191198,,
0.096628965,0,0,0,0.044859153,0,0,0,2417425.043,2417425,,
0.096628965,0,0,0,0.044859143,1.00E-08,0,0,2417425.101,2417425,,
0.096628965,0,0,0,0.044859143,0,1.00E-08,0,2539995.725,2539996,,
0.096628965,0,0,0,0.044859143,0,0,1.00E-08,2417425.011,2417425,,
0.095208058,0,0,0,0.034474424,0,0,0,2361675.116,2361675,,
0.095208068,0,0,0,0.034474424,0,0,0,2361675.27,2361675,,
0.095208058,1.00E-08,0,0,0.034474424,0,0,0,4915917.901,4915918,,
0.095208058,0,1.00E-08,0,0.034474424,0,0,0,3514894.549,3514895,,
0.095208058,0,0,1.00E-08,0.034474424,0,0,0,4135447.919,4135448,,
0.095208058,0,0,0,0.034474434,0,0,0,2361675.149,2361675,,
0.095208058,0,0,0,0.034474424,1.00E-08,0,0,2361675.206,2361675,,
0.095208058,0,0,0,0.034474424,0,1.00E-08,0,2484245.83,2484246,,
0.095208058,0,0,0,0.034474424,0,0,1.00E-08,2361675.116,2361675,,
0.095188534,0,0,0,0.034451898,0,0,0,2361301.152,2361301,,
0.095188544,0,0,0,0.034451898,0,0,0,2361301.306,2361301,,
0.095188534,1.00E-08,0,0,0.034451898,0,0,0,4915543.936,4915544,,
0.095188534,0,1.00E-08,0,0.034451898,0,0,0,3514520.584,3514521,,
0.095188534,0,0,1.00E-08,0.034451898,0,0,0,4135073.955,4135074,,
0.095188534,0,0,0,0.034451908,0,0,0,2361301.184,2361301,,
0.095188534,0,0,0,0.034451898,1.00E-08,0,0,2361301.242,2361301,,
0.095188534,0,0,0,0.034451898,0,1.00E-08,0,2483871.866,2483872,,
0.095188534,0,0,0,0.034451898,0,0,1.00E-08,2361301.152,2361301,,
0.095110437,0,0,0,0.034361794,0,0,0,2359805.295,2359805,,
0.095110447,0,0,0,0.034361794,0,0,0,2359805.449,2359805,,
0.095110437,1.00E-08,0,0,0.034361794,0,0,0,4914048.079,4914048,,
0.095110437,0,1.00E-08,0,0.034361794,0,0,0,3513024.727,3513025,,
0.095110437,0,0,1.00E-08,0.034361794,0,0,0,4133578.098,4133578,,
0.095110437,0,0,0,0.034361804,0,0,0,2359805.327,2359805,,
0.095110437,0,0,0,0.034361794,1.00E-08,0,0,2359805.385,2359805,,
0.095110437,0,0,0,0.034361794,0,1.00E-08,0,2482376.009,2482376,,
0.095110437,0,0,0,0.034361794,0,0,1.00E-08,2359805.295,2359805,,
0.094798051,0,0,0,0.03400138,0,0,0,2353821.866,2353822,,
0.094798061,0,0,0,0.03400138,0,0,0,2353822.02,2353822,,
0.094798051,1.00E-08,0,0,0.03400138,0,0,0,4908064.65,4908065,,
0.094798051,0,1.00E-08,0,0.03400138,0,0,0,3507041.298,3507041,,
0.094798051,0,0,1.00E-08,0.03400138,0,0,0,4127594.669,4127595,,
0.094798051,0,0,0,0.03400139,0,0,0,2353821.898,2353822,,
0.094798051,0,0,0,0.03400138,1.00E-08,0,0,2353821.956,2353822,,
0.094798051,0,0,0,0.03400138,0,1.00E-08,0,2476392.58,2476393,,
0.094798051,0,0,0,0.03400138,0,0,1.00E-08,2353821.866,2353822,,
0.093548506,0,0,0,0.03255972,0,0,0,2713365.293,2713365,,
0.093548516,0,0,0,0.03255972,0,0,0,2713355.044,2713355,,
0.093548506,1.00E-08,0,0,0.03255972,0,0,0,5267608.078,5267608,,
0.093548506,0,1.00E-08,0,0.03255972,0,0,0,3866584.726,3866585,,
0.093548506,0,0,1.00E-08,0.03255972,0,0,0,4487136.523,4487137,,
0.093548506,0,0,0,0.03255973,0,0,0,2713365.326,2713365,,
0.093548506,0,0,0,0.03255972,1.00E-08,0,0,2713352.998,2713353,,
0.093548506,0,0,0,0.03255972,0,1.00E-08,0,2835936.007,2835936,,
0.093548506,0,0,0,0.03255972,0,0,1.00E-08,2713365.293,2713365,,
0.094623924,0,0,0,0.033800482,0,0,0,2350486.657,2350487,,
0.094623934,0,0,0,0.033800482,0,0,0,2350486.811,2350487,,
0.094623924,1.00E-08,0,0,0.033800482,0,0,0,4904729.441,4904729,,
0.094623924,0,1.00E-08,0,0.033800482,0,0,0,3503706.089,3503706,,
0.094623924,0,0,1.00E-08,0.033800482,0,0,0,4124259.46,4124259,,
0.094623924,0,0,0,0.033800492,0,0,0,2350486.689,2350487,,
0.094623924,0,0,0,0.033800482,1.00E-08,0,0,2350486.747,2350487,,
0.094623924,0,0,0,0.033800482,0,1.00E-08,0,2473057.371,2473057,,
0.094623924,0,0,0,0.033800482,0,0,1.00E-08,2350486.657,2350487,,
0.094502501,0,0,0,0.03366039,0,0,0,2348160.919,2348161,,
0.094502511,0,0,0,0.03366039,0,0,0,2348161.072,2348161,,
0.094502501,1.00E-08,0,0,0.03366039,0,0,0,4902403.703,4902404,,
0.094502501,0,1.00E-08,0,0.03366039,0,0,0,3501380.351,3501380,,
0.094502501,0,0,1.00E-08,0.03366039,0,0,0,4121933.722,4121934,,
0.094502501,0,0,0,0.0336604,0,0,0,2348160.951,2348161,,
0.094502501,0,0,0,0.03366039,1.00E-08,0,0,2348161.009,2348161,,
0.094502501,0,0,0,0.03366039,0,1.00E-08,0,2470731.632,2470732,,
0.094502501,0,0,0,0.03366039,0,0,1.00E-08,2348160.919,2348161,,
0.094025503,0,0,0,0.033110055,0,0,0,2386800.546,2386801,,
0.094025513,0,0,0,0.033110055,0,0,0,2386797.028,2386797,,
0.094025503,1.00E-08,0,0,0.033110055,0,0,0,4941043.33,4941043,,
0.094025503,0,1.00E-08,0,0.033110055,0,0,0,3540019.979,3540020,,
0.094025503,0,0,1.00E-08,0.033110055,0,0,0,4160572.794,4160573,,
0.094025503,0,0,0,0.033110065,0,0,0,2386800.579,2386801,,
0.094025503,0,0,0,0.033110055,1.00E-08,0,0,2386796.265,2386796,,
0.094025503,0,0,0,0.033110055,0,1.00E-08,0,2509371.26,2509371,,
0.094025503,0,0,0,0.033110055,0,0,1.00E-08,2386800.546,2386801,,
0.094391462,0,0,0,0.033532278,0,0,0,2346034.079,2346034,,
0.094391472,0,0,0,0.033532278,0,0,0,2346034.233,2346034,,
0.094391462,1.00E-08,0,0,0.033532278,0,0,0,4900276.864,4900277,,
0.094391462,0,1.00E-08,0,0.033532278,0,0,0,3499253.512,3499254,,
0.094391462,0,0,1.00E-08,0.033532278,0,0,0,4119806.882,4119807,,
0.094391462,0,0,0,0.033532288,0,0,0,2346034.112,2346034,,
0.094391462,0,0,0,0.033532278,1.00E-08,0,0,2346034.17,2346034,,
0.094391462,0,0,0,0.033532278,0,1.00E-08,0,2468604.793,2468605,,
0.094391462,0,0,0,0.033532278,0,0,1.00E-08,2346034.08,2346034,,
0.094149929,0,0,0,0.033253611,0,0,0,2354417.353,2354417,,
0.094149939,0,0,0,0.033253611,0,0,0,2354415.591,2354416,,
0.094149929,1.00E-08,0,0,0.033253611,0,0,0,4908660.137,4908660,,
0.094149929,0,1.00E-08,0,0.033253611,0,0,0,3507636.785,3507637,,
0.094149929,0,0,1.00E-08,0.033253611,0,0,0,4128189.866,4128190,,
0.094149929,0,0,0,0.033253621,0,0,0,2354417.385,2354417,,
0.094149929,0,0,0,0.033253611,1.00E-08,0,0,2354415.162,2354415,,
0.094149929,0,0,0,0.033253611,0,1.00E-08,0,2476988.067,2476988,,
0.094149929,0,0,0,0.033253611,0,0,1.00E-08,2354417.353,2354417,,
0.094319282,0,0,0,0.033449001,0,0,0,2344651.55,2344652,,
0.094319292,0,0,0,0.033449001,0,0,0,2344651.704,2344652,,
0.094319282,1.00E-08,0,0,0.033449001,0,0,0,4898894.335,4898894,,
0.094319282,0,1.00E-08,0,0.033449001,0,0,0,3497870.983,3497871,,
0.094319282,0,0,1.00E-08,0.033449001,0,0,0,4118424.354,4118424,,
0.094319282,0,0,0,0.033449011,0,0,0,2344651.583,2344652,,
0.094319282,0,0,0,0.033449001,1.00E-08,0,0,2344651.641,2344652,,
0.094319282,0,0,0,0.033449001,0,1.00E-08,0,2467222.264,2467222,,
0.094319282,0,0,0,0.033449001,0,0,1.00E-08,2344651.551,2344652,,
0.094286714,0,0,0,0.033411425,0,0,0,2344027.74,2344028,,
0.094286724,0,0,0,0.033411425,0,0,0,2344027.893,2344028,,
0.094286714,1.00E-08,0,0,0.033411425,0,0,0,4898270.524,4898271,,
0.094286714,0,1.00E-08,0,0.033411425,0,0,0,3497247.172,3497247,,
0.094286714,0,0,1.00E-08,0.033411425,0,0,0,4117800.543,4117801,,
0.094286714,0,0,0,0.033411435,0,0,0,2344027.772,2344028,,
0.094286714,0,0,0,0.033411425,1.00E-08,0,0,2344027.83,2344028,,
0.094286714,0,0,0,0.033411425,0,1.00E-08,0,2466598.453,2466598,,
0.094286714,0,0,0,0.033411425,0,0,1.00E-08,2344027.74,2344028,,
0.094272767,0,0,0,0.033395335,0,0,0,2343878.89,2343879,,
0.094272777,0,0,0,0.033395335,0,0,0,2343878.861,2343879,,
0.094272767,1.00E-08,0,0,0.033395335,0,0,0,4898121.674,4898122,,
0.094272767,0,1.00E-08,0,0.033395335,0,0,0,3497098.323,3497098,,
0.094272767,0,0,1.00E-08,0.033395335,0,0,0,4117651.665,4117652,,
0.094272767,0,0,0,0.033395345,0,0,0,2343878.922,2343879,,
0.094272767,0,0,0,0.033395335,1.00E-08,0,0,2343878.763,2343879,,
0.094272767,0,0,0,0.033395335,0,1.00E-08,0,2466449.604,2466450,,
0.094272767,0,0,0,0.033395335,0,0,1.00E-08,2343878.89,2343879,,
0.093883177,0,0,0,0.032587273,0.000288987,0,0,2340153.758,2340154,,
0.093883187,0,0,0,0.032587273,0.000288987,0,0,2340153.087,2340153,,
0.093883177,1.00E-08,0,0,0.032587273,0.000288987,0,0,4894396.543,4894397,,
0.093883177,0,1.00E-08,0,0.032587273,0.000288987,0,0,3493373.191,3493373,,
0.093883177,0,0,1.00E-08,0.032587273,0.000288987,0,0,4113926.437,4113926,,
0.093883177,0,0,0,0.032587283,0.000288987,0,0,2340153.791,2340154,,
0.093883177,0,0,0,0.032587273,0.000288997,0,0,2340152.866,2340153,,
0.093883177,0,0,0,0.032587273,0.000288987,1.00E-08,0,2462724.472,2462724,,
0.093883177,0,0,0,0.032587273,0.000288987,0,1.00E-08,2340153.758,2340154,,
0.049871859,0,0,0,0,0.03722896,0,0,62027655508,10000000,,
0.049871869,0,0,0,0,0.03722896,0,0,62027409190,10000000,,
0.049871859,1.00E-08,0,0,0,0.03722896,0,0,62030207812,10000000,,
0.049871859,0,1.00E-08,0,0,0.03722896,0,0,62028806789,10000000,,
0.049871859,0,0,1.00E-08,0,0.03722896,0,0,62029429280,10000000,,
0.049871859,0,0,0,1.00E-08,0.03722896,0,0,62027653569,10000000,,
0.049871859,0,0,0,0,0.03722897,0,0,62027655506,10000000,,
0.049871859,0,0,0,0,0.03722896,1.00E-08,0,62027725484,10000000,,
0.049871859,0,0,0,0,0.03722896,0,1.00E-08,62027655049,10000000,,
0.080154297,0,0,0,0.022422007,0.011812033,0,0,829883706,10000000,,
0.080154307,0,0,0,0.022422007,0.011812033,0,0,829882836.4,10000000,,
0.080154297,1.00E-08,0,0,0.022422007,0.011812033,0,0,832437373.4,10000000,,
0.080154297,0,1.00E-08,0,0.022422007,0.011812033,0,0,831036350.1,10000000,,
0.080154297,0,0,1.00E-08,0.022422007,0.011812033,0,0,831657478.7,10000000,,
0.080154297,0,0,0,0.022422017,0.011812033,0,0,829883130.7,10000000,,
0.080154297,0,0,0,0.022422007,0.011812043,0,0,829883705,10000000,,
0.080154297,0,0,0,0.022422007,0.011812033,1.00E-08,0,830005701.4,10000000,,
0.080154297,0,0,0,0.022422007,0.011812033,0,1.00E-08,829883706,10000000,,
0.093881921,0,0,0,0.032586343,0.000290042,0,0,2340140.991,2340141,,
0.093881931,0,0,0,0.032586343,0.000290042,0,0,2340140.319,2340140,,
0.093881921,1.00E-08,0,0,0.032586343,0.000290042,0,0,4894383.775,4894384,,
0.093881921,0,1.00E-08,0,0.032586343,0.000290042,0,0,3493360.423,3493360,,
0.093881921,0,0,1.00E-08,0.032586343,0.000290042,0,0,4113913.669,4113914,,
0.093881921,0,0,0,0.032586353,0.000290042,0,0,2340141.023,2340141,,
0.093881921,0,0,0,0.032586343,0.000290052,0,0,2340140.098,2340140,,
0.093881921,0,0,0,0.032586343,0.000290042,1.00E-08,0,2462711.705,2462712,,
0.093881921,0,0,0,0.032586343,0.000290042,0,1.00E-08,2340140.991,2340141,,
0.093837829,0,0,0,0.032553696,0.000327049,0,0,2339693.079,2339693,,
0.093837839,0,0,0,0.032553696,0.000327049,0,0,2339692.406,2339692,,
0.093837829,1.00E-08,0,0,0.032553696,0.000327049,0,0,4893935.863,4893936,,
0.093837829,0,1.00E-08,0,0.032553696,0.000327049,0,0,3492912.511,3492913,,
0.093837829,0,0,1.00E-08,0.032553696,0.000327049,0,0,4113465.757,4113466,,
0.093837829,0,0,0,0.032553706,0.000327049,0,0,2339693.111,2339693,,
0.093837829,0,0,0,0.032553696,0.000327059,0,0,2339692.186,2339692,,
0.093837829,0,0,0,0.032553696,0.000327049,1.00E-08,0,2462263.792,2462264,,
0.093837829,0,0,0,0.032553696,0.000327049,0,1.00E-08,2339693.079,2339693,,
0.086996063,0,0,0,0.027487852,0.006069541,0,0,181095795.6,10000000,,
0.086996073,0,0,0,0.027487852,0.006069541,0,0,181095391,10000000,,
0.086996063,1.00E-08,0,0,0.027487852,0.006069541,0,0,183649770.9,10000000,,
0.086996063,0,1.00E-08,0,0.027487852,0.006069541,0,0,182248747.5,10000000,,
0.086996063,0,0,1.00E-08,0.027487852,0.006069541,0,0,182869568.2,10000000,,
0.086996063,0,0,0,0.027487862,0.006069541,0,0,181095528.1,10000000,,
0.086996063,0,0,0,0.027487852,0.006069551,0,0,181095794.6,10000000,,
0.086996063,0,0,0,0.027487852,0.006069541,1.00E-08,0,181218098.8,10000000,,
0.086996063,0,0,0,0.027487852,0.006069541,0,1.00E-08,181095795.6,10000000,,
0.093836211,0,0,0,0.032552498,0.000328407,0,0,2339676.643,2339677,,
0.093836221,0,0,0,0.032552498,0.000328407,0,0,2339675.971,2339676,,
0.093836211,1.00E-08,0,0,0.032552498,0.000328407,0,0,4893919.428,4893919,,
0.093836211,0,1.00E-08,0,0.032552498,0.000328407,0,0,3492896.076,3492896,,
0.093836211,0,0,1.00E-08,0.032552498,0.000328407,0,0,4113449.321,4113449,,
0.093836211,0,0,0,0.032552508,0.000328407,0,0,2339676.676,2339677,,
0.093836211,0,0,0,0.032552498,0.000328417,0,0,2339675.75,2339676,,
0.093836211,0,0,0,0.032552498,0.000328407,1.00E-08,0,2462247.357,2462247,,
0.093836211,0,0,0,0.032552498,0.000328407,0,1.00E-08,2339676.643,2339677,,
0.093779453,0,0,0,0.032510472,0.000376046,0,0,2339100.056,2339100,,
0.093779463,0,0,0,0.032510472,0.000376046,0,0,2339099.383,2339099,,
0.093779453,1.00E-08,0,0,0.032510472,0.000376046,0,0,4893342.84,4893343,,
0.093779453,0,1.00E-08,0,0.032510472,0.000376046,0,0,3492319.489,3492319,,
0.093779453,0,0,1.00E-08,0.032510472,0.000376046,0,0,4112872.734,4112873,,
0.093779453,0,0,0,0.032510482,0.000376046,0,0,2339100.089,2339100,,
0.093779453,0,0,0,0.032510472,0.000376056,0,0,2339099.162,2339099,,
0.093779453,0,0,0,0.032510472,0.000376046,1.00E-08,0,2461670.77,2461671,,
0.093779453,0,0,0,0.032510472,0.000376046,0,1.00E-08,2339100.056,2339100,,
0.090387758,0,0,0,0.029999162,0.003222793,0,0,35249939.6,10000000,,
0.090387768,0,0,0,0.029999162,0.003222793,0,0,35249765.55,10000000,,
0.090387758,1.00E-08,0,0,0.029999162,0.003222793,0,0,37804067.59,10000000,,
0.090387758,0,1.00E-08,0,0.029999162,0.003222793,0,0,36403044.24,10000000,,
0.090387758,0,0,1.00E-08,0.029999162,0.003222793,0,0,37023712.28,10000000,,
0.090387758,0,0,0,0.029999172,0.003222793,0,0,35249824.84,10000000,,
0.090387758,0,0,0,0.029999162,0.003222803,0,0,35249938.66,10000000,,
0.090387758,0,0,0,0.029999162,0.003222793,1.00E-08,0,35372395.52,10000000,,
0.090387758,0,0,0,0.029999162,0.003222793,0,1.00E-08,35249939.6,10000000,,
0.093775973,0,0,0,0.032507896,0.000378966,0,0,2339064.706,2339065,,
0.093775983,0,0,0,0.032507896,0.000378966,0,0,2339064.033,2339064,,
0.093775973,1.00E-08,0,0,0.032507896,0.000378966,0,0,4893307.49,4893307,,
0.093775973,0,1.00E-08,0,0.032507896,0.000378966,0,0,3492284.138,3492284,,
0.093775973,0,0,1.00E-08,0.032507896,0.000378966,0,0,4112837.384,4112837,,
0.093775973,0,0,0,0.032507906,0.000378966,0,0,2339064.738,2339065,,
0.093775973,0,0,0,0.032507896,0.000378976,0,0,2339063.812,2339064,,
0.093775973,0,0,0,0.032507896,0.000378966,1.00E-08,0,2461635.42,2461635,,
0.093775973,0,0,0,0.032507896,0.000378966,0,1.00E-08,2339064.706,2339065,,
0.093653891,0,0,0,0.032417503,0.000481434,0,0,2337824.526,2337825,,
0.093653901,0,0,0,0.032417503,0.000481434,0,0,2337823.852,2337824,,
0.093653891,1.00E-08,0,0,0.032417503,0.000481434,0,0,4892067.31,4892067,,
0.093653891,0,1.00E-08,0,0.032417503,0.000481434,0,0,3491043.958,3491044,,
0.093653891,0,0,1.00E-08,0.032417503,0.000481434,0,0,4111597.204,4111597,,
0.093653891,0,0,0,0.032417513,0.000481434,0,0,2337824.558,2337825,,
0.093653891,0,0,0,0.032417503,0.000481444,0,0,2337823.63,2337824,,
0.093653891,0,0,0,0.032417503,0.000481434,1.00E-08,0,2460395.24,2460395,,
0.093653891,0,0,0,0.032417503,0.000481434,0,1.00E-08,2337824.526,2337825,,
0.092020824,0,0,0,0.031208332,0.001852114,0,0,6584215.523,6584216,,
0.092020834,0,0,0,0.031208332,0.001852114,0,0,6584152.477,6584152,,
0.092020824,1.00E-08,0,0,0.031208332,0.001852114,0,0,9138417.014,9138417,,
0.092020824,0,1.00E-08,0,0.031208332,0.001852114,0,0,7737393.662,7737394,,
0.092020824,0,0,1.00E-08,0.031208332,0.001852114,0,0,8357988.198,8357988,,
0.092020824,0,0,0,0.031208342,0.001852114,0,0,6584174.262,6584174,,
0.092020824,0,0,0,0.031208332,0.001852124,0,0,6584214.605,6584215,,
0.092020824,0,0,0,0.031208332,0.001852114,1.00E-08,0,6706744.943,6706745,,
0.092020824,0,0,0,0.031208332,0.001852114,0,1.00E-08,6584215.523,6584216,,
0.093454111,0,0,0,0.03226958,0.000649114,0,0,2335795.086,2335795,,
0.093454121,0,0,0,0.03226958,0.000649114,0,0,2335794.41,2335794,,
0.093454111,1.00E-08,0,0,0.03226958,0.000649114,0,0,4890037.87,4890038,,
0.093454111,0,1.00E-08,0,0.03226958,0.000649114,0,0,3489014.519,3489015,,
0.093454111,0,0,1.00E-08,0.03226958,0.000649114,0,0,4109567.764,4109568,,
0.093454111,0,0,0,0.03226959,0.000649114,0,0,2335795.119,2335795,,
0.093454111,0,0,0,0.03226958,0.000649124,0,0,2335794.188,2335794,,
0.093454111,0,0,0,0.03226958,0.000649114,1.00E-08,0,2458365.8,2458366,,
0.093454111,0,0,0,0.03226958,0.000649114,0,1.00E-08,2335795.086,2335795,,
0.092508142,0,0,0,0.031569156,0.001443094,0,0,3263257.734,3263258,,
0.092508152,0,0,0,0.031569156,0.001443094,0,0,3263227.813,3263228,,
0.092508142,1.00E-08,0,0,0.031569156,0.001443094,0,0,5817481.158,5817481,,
0.092508142,0,1.00E-08,0,0.031569156,0.001443094,0,0,4416457.806,4416458,,
0.092508142,0,0,1.00E-08,0.031569156,0.001443094,0,0,5037030.41,5037030,,
0.092508142,0,0,0,0.031569166,0.001443094,0,0,3263238.406,3263238,,
0.092508142,0,0,0,0.031569156,0.001443104,0,0,3263256.823,3263257,,
0.092508142,0,0,0,0.031569156,0.001443094,1.00E-08,0,3385809.088,3385809,,
0.092508142,0,0,0,0.031569156,0.001443094,0,1.00E-08,3263257.734,3263258,,
0.093266124,0,0,0,0.032130388,0.000806898,0,0,2333885.465,2333885,,
0.093266134,0,0,0,0.032130388,0.000806898,0,0,2333884.787,2333885,,
0.093266124,1.00E-08,0,0,0.032130388,0.000806898,0,0,4888128.25,4888128,,
0.093266124,0,1.00E-08,0,0.032130388,0.000806898,0,0,3487104.898,3487105,,
0.093266124,0,0,1.00E-08,0.032130388,0.000806898,0,0,4107658.142,4107658,,
0.093266124,0,0,0,0.032130398,0.000806898,0,0,2333885.498,2333885,,
0.093266124,0,0,0,0.032130388,0.000806908,0,0,2333884.564,2333885,,
0.093266124,0,0,0,0.032130388,0.000806898,1.00E-08,0,2456456.179,2456456,,
0.093266124,0,0,0,0.032130388,0.000806898,0,1.00E-08,2333885.465,2333885,,
0.092765856,0,0,0,0.031759975,0.001226787,0,0,2479392.737,2479393,,
0.092765866,0,0,0,0.031759975,0.001226787,0,0,2479380.334,2479380,,
0.092765856,1.00E-08,0,0,0.031759975,0.001226787,0,0,5033627.76,5033628,,
0.092765856,0,1.00E-08,0,0.031759975,0.001226787,0,0,3632604.409,3632604,,
0.092765856,0,0,1.00E-08,0.031759975,0.001226787,0,0,4253165.413,4253165,,
0.092765856,0,0,0,0.031759985,0.001226787,0,0,2479385.009,2479385,,
0.092765856,0,0,0,0.031759975,0.001226797,0,0,2479391.83,2479392,,
0.092765856,0,0,0,0.031759975,0.001226787,1.00E-08,0,2601955.69,2601956,,
0.092765856,0,0,0,0.031759975,0.001226787,0,1.00E-08,2479392.737,2479393,,
0.093137517,0,0,0,0.032035164,0.000914841,0,0,2332579.068,2332579,,
0.093137527,0,0,0,0.032035164,0.000914841,0,0,2332578.388,2332578,,
0.093137517,1.00E-08,0,0,0.032035164,0.000914841,0,0,4886821.853,4886822,,
0.093137517,0,1.00E-08,0,0.032035164,0.000914841,0,0,3485798.501,3485799,,
0.093137517,0,0,1.00E-08,0.032035164,0.000914841,0,0,4106351.745,4106352,,
0.093137517,0,0,0,0.032035174,0.000914841,0,0,2332579.101,2332579,,
0.093137517,0,0,0,0.032035164,0.000914851,0,0,2332578.166,2332578,,
0.093137517,0,0,0,0.032035164,0.000914841,1.00E-08,0,2455149.782,2455150,,
0.093137517,0,0,0,0.032035164,0.000914841,0,1.00E-08,2332579.068,2332579,,
0.092892221,0,0,0,0.03185354,0.001120725,0,0,2340837.473,2340837,,
0.092892231,0,0,0,0.03185354,0.001120725,0,0,2340833.659,2340834,,
0.092892221,1.00E-08,0,0,0.03185354,0.001120725,0,0,4895078.184,4895078,,
0.092892221,0,1.00E-08,0,0.03185354,0.001120725,0,0,3494054.832,3494055,,
0.092892221,0,0,1.00E-08,0.03185354,0.001120725,0,0,4114610.149,4114610,,
0.092892221,0,0,0,0.03185355,0.001120725,0,0,2340835.432,2340835,,
0.092892221,0,0,0,0.03185354,0.001120735,0,0,2340836.567,2340837,,
0.092892221,0,0,0,0.03185354,0.001120725,1.00E-08,0,2463406.113,2463406,,
0.092892221,0,0,0,0.03185354,0.001120725,0,1.00E-08,2340837.473,2340837,,
0.093049181,0,0,0,0.031969758,0.000988984,0,0,2331681.751,2331682,,
0.093049191,0,0,0,0.031969758,0.000988984,0,0,2331681.07,2331681,,
0.093049181,1.00E-08,0,0,0.031969758,0.000988984,0,0,4885924.536,4885925,,
0.093049181,0,1.00E-08,0,0.031969758,0.000988984,0,0,3484901.184,3484901,,
0.093049181,0,0,1.00E-08,0.031969758,0.000988984,0,0,4105454.428,4105454,,
0.093049181,0,0,0,0.031969768,0.000988984,0,0,2331681.784,2331682,,
0.093049181,0,0,0,0.031969758,0.000988994,0,0,2331680.848,2331681,,
0.093049181,0,0,0,0.031969758,0.000988984,1.00E-08,0,2454252.465,2454252,,
0.093049181,0,0,0,0.031969758,0.000988984,0,1.00E-08,2331681.751,2331682,,
0.092945587,0,0,0,0.031893054,0.001075933,0,0,2330629.455,2330629,,
0.092945597,0,0,0,0.031893054,0.001075933,0,0,2330628.773,2330629,,
0.092945587,1.00E-08,0,0,0.031893054,0.001075933,0,0,4884872.239,4884872,,
0.092945587,0,1.00E-08,0,0.031893054,0.001075933,0,0,3483848.887,3483849,,
0.092945587,0,0,1.00E-08,0.031893054,0.001075933,0,0,4104402.131,4104402,,
0.092945587,0,0,0,0.031893064,0.001075933,0,0,2330629.487,2330629,,
0.092945587,0,0,0,0.031893054,0.001075943,0,0,2330628.55,2330629,,
0.092945587,0,0,0,0.031893054,0.001075933,1.00E-08,0,2453200.169,2453200,,
0.092945587,0,0,0,0.031893054,0.001075933,0,1.00E-08,2330629.455,2330629,,
0,0,0,0,0,0.0792,0,0,8.29456E+12,10000000,,
1.00E-08,0,0,0,0,0.0792,0,0,8.29456E+12,10000000,,
0,1.00E-08,0,0,0,0.0792,0,0,8.29456E+12,10000000,,
0,0,1.00E-08,0,0,0.0792,0,0,8.29456E+12,10000000,,
0,0,0,1.00E-08,0,0.0792,0,0,8.29456E+12,10000000,,
0,0,0,0,1.00E-08,0.0792,0,0,8.29456E+12,10000000,,
0,0,0,0,0,0.07919999,0,0,8.29456E+12,10000000,,
0,0,0,0,0,0.0792,1.00E-08,0,8.29456E+12,10000000,,
0,0,0,0,0,0.0792,0,1.00E-08,8.29456E+12,10000000,,
0.09294558,0,0,0,0.031893051,0.00107594,0,0,2330629.388,2330629,,
0.09294559,0,0,0,0.031893051,0.00107594,0,0,2330628.706,2330629,,
0.09294558,1.00E-08,0,0,0.031893051,0.00107594,0,0,4884872.173,4884872,,
0.09294558,0,1.00E-08,0,0.031893051,0.00107594,0,0,3483848.821,3483849,,
0.09294558,0,0,1.00E-08,0.031893051,0.00107594,0,0,4104402.065,4104402,,
0.09294558,0,0,0,0.031893061,0.00107594,0,0,2330629.421,2330629,,
0.09294558,0,0,0,0.031893051,0.00107595,0,0,2330628.483,2330628,,
0.09294558,0,0,0,0.031893051,0.00107594,1.00E-08,0,2453200.102,2453200,,
0.09294558,0,0,0,0.031893051,0.00107594,0,1.00E-08,2330629.388,2330629,,
0.04647279,0,0,0,0.015946526,0.04013797,0,0,1.75288E+11,10000000,,
0.0464728,0,0,0,0.015946526,0.04013797,0,0,1.75287E+11,10000000,,
0.04647279,1.00E-08,0,0,0.015946526,0.04013797,0,0,1.7529E+11,10000000,,
0.04647279,0,1.00E-08,0,0.015946526,0.04013797,0,0,1.75289E+11,10000000,,
0.04647279,0,0,1.00E-08,0.015946526,0.04013797,0,0,1.7529E+11,10000000,,
0.04647279,0,0,0,0.015946536,0.04013797,0,0,1.75288E+11,10000000,,
0.04647279,0,0,0,0.015946526,0.04013798,0,0,1.75288E+11,10000000,,
0.04647279,0,0,0,0.015946526,0.04013797,1.00E-08,0,1.75288E+11,10000000,,
0.04647279,0,0,0,0.015946526,0.04013797,0,1.00E-08,1.75288E+11,10000000,,
0.079066758,0,0,0,0.027130716,0.012741582,0,0,662848074.8,10000000,,
0.079066768,0,0,0,0.027130716,0.012741582,0,0,662847298.1,10000000,,
0.079066758,1.00E-08,0,0,0.027130716,0.012741582,0,0,665401803.6,10000000,,
0.079066758,0,1.00E-08,0,0.027130716,0.012741582,0,0,664000780.2,10000000,,
0.079066758,0,0,1.00E-08,0.027130716,0.012741582,0,0,664621847.5,10000000,,
0.079066758,0,0,0,0.027130726,0.012741582,0,0,662847560.8,10000000,,
0.079066758,0,0,0,0.027130716,0.012741592,0,0,662848074.1,10000000,,
0.079066758,0,0,0,0.027130716,0.012741582,1.00E-08,0,662970131.5,10000000,,
0.079066758,0,0,0,0.027130716,0.012741582,0,1.00E-08,662848074.8,10000000,,
0.092944271,0,0,0,0.031892602,0.001077039,0,0,2330617.65,2330618,,
0.092944281,0,0,0,0.031892602,0.001077039,0,0,2330616.968,2330617,,
0.092944271,1.00E-08,0,0,0.031892602,0.001077039,0,0,4884860.435,4884860,,
0.092944271,0,1.00E-08,0,0.031892602,0.001077039,0,0,3483837.083,3483837,,
0.092944271,0,0,1.00E-08,0.031892602,0.001077039,0,0,4104390.327,4104390,,
0.092944271,0,0,0,0.031892612,0.001077039,0,0,2330617.683,2330618,,
0.092944271,0,0,0,0.031892602,0.001077049,0,0,2330616.745,2330617,,
0.092944271,0,0,0,0.031892602,0.001077039,1.00E-08,0,2453188.364,2453188,,
0.092944271,0,0,0,0.031892602,0.001077039,0,1.00E-08,2330617.65,2330618,,
0.092901371,0,0,0,0.031877882,0.001113098,0,0,2334526.097,2334526,,
0.092901381,0,0,0,0.031877882,0.001113098,0,0,2334523.436,2334523,,
0.092901371,1.00E-08,0,0,0.031877882,0.001113098,0,0,4888767.571,4888768,,
0.092901371,0,1.00E-08,0,0.031877882,0.001113098,0,0,3487744.219,3487744,,
0.092901371,0,0,1.00E-08,0.031877882,0.001113098,0,0,4108298.774,4108299,,
0.092901371,0,0,0,0.031877892,0.001113098,0,0,2334524.819,2334525,,
0.092901371,0,0,0,0.031877882,0.001113108,0,0,2334525.192,2334525,,
0.092901371,0,0,0,0.031877882,0.001113098,1.00E-08,0,2457095.5,2457096,,
0.092901371,0,0,0,0.031877882,0.001113098,0,1.00E-08,2334526.097,2334526,,
0.092941759,0,0,0,0.03189174,0.001079151,0,0,2330595.116,2330595,,
0.092941769,0,0,0,0.03189174,0.001079151,0,0,2330594.434,2330594,,
0.092941759,1.00E-08,0,0,0.03189174,0.001079151,0,0,4884837.9,4884838,,
0.092941759,0,1.00E-08,0,0.03189174,0.001079151,0,0,3483814.548,3483815,,
0.092941759,0,0,1.00E-08,0.03189174,0.001079151,0,0,4104367.792,4104368,,
0.092941759,0,0,0,0.03189175,0.001079151,0,0,2330595.148,2330595,,
0.092941759,0,0,0,0.03189174,0.001079161,0,0,2330594.211,2330594,,
0.092941759,0,0,0,0.03189174,0.001079151,1.00E-08,0,2453165.83,2453166,,
0.092941759,0,0,0,0.03189174,0.001079151,0,1.00E-08,2330595.116,2330595,,
0.092915103,0,0,0,0.031882594,0.001101556,0,0,2331962.082,2331962,,
0.092915113,0,0,0,0.031882594,0.001101556,0,0,2331960.19,2331960,,
0.092915103,1.00E-08,0,0,0.031882594,0.001101556,0,0,4886204.065,4886204,,
0.092915103,0,1.00E-08,0,0.031882594,0.001101556,0,0,3485180.713,3485181,,
0.092915103,0,0,1.00E-08,0.031882594,0.001101556,0,0,4105734.759,4105735,,
0.092915103,0,0,0,0.031882604,0.001101556,0,0,2331961.313,2331961,,
0.092915103,0,0,0,0.031882594,0.001101566,0,0,2331961.177,2331961,,
0.092915103,0,0,0,0.031882594,0.001101556,1.00E-08,0,2454531.994,2454532,,
0.092915103,0,0,0,0.031882594,0.001101556,0,1.00E-08,2331962.082,2331962,,
0.092939165,0,0,0,0.03189085,0.001081332,0,0,2330571.84,2330572,,
0.092939175,0,0,0,0.03189085,0.001081332,0,0,2330571.157,2330571,,
0.092939165,1.00E-08,0,0,0.03189085,0.001081332,0,0,4884814.624,4884815,,
0.092939165,0,1.00E-08,0,0.03189085,0.001081332,0,0,3483791.272,3483791,,
0.092939165,0,0,1.00E-08,0.03189085,0.001081332,0,0,4104344.516,4104345,,
0.092939165,0,0,0,0.03189086,0.001081332,0,0,2330571.872,2330572,,
0.092939165,0,0,0,0.03189085,0.001081342,0,0,2330570.935,2330571,,
0.092939165,0,0,0,0.03189085,0.001081332,1.00E-08,0,2453142.553,2453143,,
0.092939165,0,0,0,0.03189085,0.001081332,0,1.00E-08,2330571.84,2330572,,
0.092923284,0,0,0,0.031885401,0.00109468,0,0,2331050.174,2331050,,
0.092923294,0,0,0,0.031885401,0.00109468,0,0,2331048.74,2331049,,
0.092923284,1.00E-08,0,0,0.031885401,0.00109468,0,0,4885292.46,4885292,,
0.092923284,0,1.00E-08,0,0.031885401,0.00109468,0,0,3484269.109,3484269,,
0.092923284,0,0,1.00E-08,0.031885401,0.00109468,0,0,4104822.851,4104823,,
0.092923284,0,0,0,0.031885411,0.00109468,0,0,2331049.709,2331050,,
0.092923284,0,0,0,0.031885401,0.00109469,0,0,2331049.269,2331049,,
0.092923284,0,0,0,0.031885401,0.00109468,1.00E-08,0,2453620.39,2453620,,
0.092923284,0,0,0,0.031885401,0.00109468,0,1.00E-08,2331050.174,2331050,,
0.092936996,0,0,0,0.031890106,0.001083155,0,0,2330552.384,2330552,,
0.092937006,0,0,0,0.031890106,0.001083155,0,0,2330551.702,2330552,,
0.092936996,1.00E-08,0,0,0.031890106,0.001083155,0,0,4884795.169,4884795,,
0.092936996,0,1.00E-08,0,0.031890106,0.001083155,0,0,3483771.817,3483772,,
0.092936996,0,0,1.00E-08,0.031890106,0.001083155,0,0,4104325.061,4104325,,
0.092936996,0,0,0,0.031890116,0.001083155,0,0,2330552.417,2330552,,
0.092936996,0,0,0,0.031890106,0.001083165,0,0,2330551.479,2330551,,
0.092936996,0,0,0,0.031890106,0.001083155,1.00E-08,0,2453123.098,2453123,,
0.092936996,0,0,0,0.031890106,0.001083155,0,1.00E-08,2330552.384,2330552,,
0.092927946,0,0,0,0.031887,0.001090761,0,0,2330736.123,2330736,,
0.092927956,0,0,0,0.031887,0.001090761,0,0,2330734.949,2330735,,
0.092927946,1.00E-08,0,0,0.031887,0.001090761,0,0,4884978.582,4884979,,
0.092927946,0,1.00E-08,0,0.031887,0.001090761,0,0,3483955.23,3483955,,
0.092927946,0,0,1.00E-08,0.031887,0.001090761,0,0,4104508.799,4104509,,
0.092927946,0,0,0,0.03188701,0.001090761,0,0,2330735.83,2330736,,
0.092927946,0,0,0,0.031887,0.001090771,0,0,2330735.218,2330735,,
0.092927946,0,0,0,0.031887,0.001090761,1.00E-08,0,2453306.511,2453307,,
0.092927946,0,0,0,0.031887,0.001090761,0,1.00E-08,2330736.123,2330736,,
0.092935576,0,0,0,0.031889619,0.001084348,0,0,2330544.215,2330544,,
0.092935586,0,0,0,0.031889619,0.001084348,0,0,2330543.468,2330543,,
0.092935576,1.00E-08,0,0,0.031889619,0.001084348,0,0,4884786.956,4884787,,
0.092935576,0,1.00E-08,0,0.031889619,0.001084348,0,0,3483763.605,3483764,,
0.092935576,0,0,1.00E-08,0.031889619,0.001084348,0,0,4104316.891,4104317,,
0.092935576,0,0,0,0.031889629,0.001084348,0,0,2330544.205,2330544,,
0.092935576,0,0,0,0.031889619,0.001084358,0,0,2330543.31,2330543,,
0.092935576,0,0,0,0.031889619,0.001084348,1.00E-08,0,2453114.886,2453115,,
0.092935576,0,0,0,0.031889619,0.001084348,0,1.00E-08,2330544.215,2330544,,
0,0,0,0,0.172224475,0.0792,0,0,8.2649E+12,10000000,,
1.00E-08,0,0,0,0.172224475,0.0792,0,0,8.26489E+12,10000000,,
0,1.00E-08,0,0,0.172224475,0.0792,0,0,8.2649E+12,10000000,,
0,0,1.00E-08,0,0.172224475,0.0792,0,0,8.2649E+12,10000000,,
0,0,0,1.00E-08,0.172224475,0.0792,0,0,8.2649E+12,10000000,,
0,0,0,0,0.172224465,0.0792,0,0,8.2649E+12,10000000,,
0,0,0,0,0.172224475,0.07919999,0,0,8.2649E+12,10000000,,
0,0,0,0,0.172224475,0.0792,1.00E-08,0,8.2649E+12,10000000,,
0,0,0,0,0.172224475,0.0792,0,1.00E-08,8.2649E+12,10000000,,
0.092935574,0,0,0,0.031889622,0.00108435,0,0,2330544.207,2330544,,
0.092935584,0,0,0,0.031889622,0.00108435,0,0,2330543.461,2330543,,
0.092935574,1.00E-08,0,0,0.031889622,0.00108435,0,0,4884786.949,4884787,,
0.092935574,0,1.00E-08,0,0.031889622,0.00108435,0,0,3483763.597,3483764,,
0.092935574,0,0,1.00E-08,0.031889622,0.00108435,0,0,4104316.884,4104317,,
0.092935574,0,0,0,0.031889632,0.00108435,0,0,2330544.197,2330544,,
0.092935574,0,0,0,0.031889622,0.00108436,0,0,2330543.302,2330543,,
0.092935574,0,0,0,0.031889622,0.00108435,1.00E-08,0,2453114.879,2453115,,
0.092935574,0,0,0,0.031889622,0.00108435,0,1.00E-08,2330544.207,2330544,,
0.046467787,0,0,0,0.102057049,0.040142175,0,0,1.68092E+11,10000000,,
0.046467797,0,0,0,0.102057049,0.040142175,0,0,1.68091E+11,10000000,,
0.046467787,1.00E-08,0,0,0.102057049,0.040142175,0,0,1.68094E+11,10000000,,
0.046467787,0,1.00E-08,0,0.102057049,0.040142175,0,0,1.68093E+11,10000000,,
0.046467787,0,0,1.00E-08,0.102057049,0.040142175,0,0,1.68094E+11,10000000,,
0.046467787,0,0,0,0.102057059,0.040142175,0,0,1.68092E+11,10000000,,
0.046467787,0,0,0,0.102057049,0.040142185,0,0,1.68092E+11,10000000,,
0.046467787,0,0,0,0.102057049,0.040142175,1.00E-08,0,1.68092E+11,10000000,,
0.046467787,0,0,0,0.102057049,0.040142175,0,1.00E-08,1.68092E+11,10000000,,
0.078991488,0,0,0,0.052945512,0.012804849,0,0,2289820.753,2289821,,
0.078991498,0,0,0,0.052945512,0.012804849,0,0,2289820.142,2289820,,
0.078991488,1.00E-08,0,0,0.052945512,0.012804849,0,0,4844063.501,4844064,,
0.078991488,0,1.00E-08,0,0.052945512,0.012804849,0,0,3443040.149,3443040,,
0.078991488,0,0,1.00E-08,0.052945512,0.012804849,0,0,4063593.448,4063593,,
0.078991488,0,0,0,0.052945522,0.012804849,0,0,2289820.749,2289821,,
0.078991488,0,0,0,0.052945512,0.012804859,0,0,2289819.997,2289820,,
0.078991488,0,0,0,0.052945512,0.012804849,1.00E-08,0,2412391.431,2412391,,
0.078991488,0,0,0,0.052945512,0.012804849,0,1.00E-08,2289820.753,2289821,,
0.057525845,0,0,0,0.085359126,0.030847484,0,0,2227349.101,2227349,,
0.057525855,0,0,0,0.085359126,0.030847484,0,0,2227348.698,2227349,,
0.057525845,1.00E-08,0,0,0.085359126,0.030847484,0,0,4781591.859,4781592,,
0.057525845,0,1.00E-08,0,0.085359126,0.030847484,0,0,3380568.508,3380569,,
0.057525845,0,0,1.00E-08,0.085359126,0.030847484,0,0,4001121.826,4001122,,
0.057525845,0,0,0,0.085359136,0.030847484,0,0,2227349.107,2227349,,
0.057525845,0,0,0,0.085359126,0.030847494,0,0,2227348.576,2227349,,
0.057525845,0,0,0,0.085359126,0.030847484,1.00E-08,0,2349919.789,2349920,,
0.057525845,0,0,0,0.085359126,0.030847484,0,1.00E-08,2227349.101,2227349,,
0.050227527,0,0,0,0.096379755,0.03698198,0,0,44334218346,10000000,,
0.050227537,0,0,0,0.096379755,0.03698198,0,0,44333994971,10000000,,
0.050227527,1.00E-08,0,0,0.096379755,0.03698198,0,0,44336772588,10000000,,
0.050227527,0,1.00E-08,0,0.096379755,0.03698198,0,0,44335371565,10000000,,
0.050227527,0,0,1.00E-08,0.096379755,0.03698198,0,0,44335992118,10000000,,
0.050227527,0,0,0,0.096379765,0.03698198,0,0,44334218346,10000000,,
0.050227527,0,0,0,0.096379755,0.03698199,0,0,44334218345,10000000,,
0.050227527,0,0,0,0.096379755,0.03698198,1.00E-08,0,44334294427,10000000,,
0.050227527,0,0,0,0.096379755,0.03698198,0,1.00E-08,44334217925,10000000,,
0.056543412,0,0,0,0.086842623,0.031673254,0,0,2224496.254,2224496,,
0.056543422,0,0,0,0.086842623,0.031673254,0,0,2224495.86,2224496,,
0.056543412,1.00E-08,0,0,0.086842623,0.031673254,0,0,4778739.012,4778739,,
0.056543412,0,1.00E-08,0,0.086842623,0.031673254,0,0,3377715.66,3377716,,
0.056543412,0,0,1.00E-08,0.086842623,0.031673254,0,0,3998268.98,3998269,,
0.056543412,0,0,0,0.086842633,0.031673254,0,0,2224496.26,2224496,,
0.056543412,0,0,0,0.086842623,0.031673264,0,0,2224495.739,2224496,,
0.056543412,0,0,0,0.086842623,0.031673254,1.00E-08,0,2347066.942,2347067,,
0.056543412,0,0,0,0.086842623,0.031673254,0,1.00E-08,2224496.254,2224496,,
0.052374928,0,0,0,0.09313713,0.035177013,0,0,9342023578,10000000,,
0.052374938,0,0,0,0.09313713,0.035177013,0,0,9341921050,10000000,,
0.052374928,1.00E-08,0,0,0.09313713,0.035177013,0,0,9344577821,10000000,,
0.052374928,0,1.00E-08,0,0.09313713,0.035177013,0,0,9343176798,10000000,,
0.052374928,0,0,1.00E-08,0.09313713,0.035177013,0,0,9343797351,10000000,,
0.052374928,0,0,0,0.09313714,0.035177013,0,0,9342023578,10000000,,
0.052374928,0,0,0,0.09313713,0.035177023,0,0,9342023578,10000000,,
0.052374928,0,0,0,0.09313713,0.035177013,1.00E-08,0,9342124810,10000000,,
0.052374928,0,0,0,0.09313713,0.035177013,0,1.00E-08,9342023385,10000000,,
0.055693323,0,0,0,0.088126278,0.032387785,0,0,2222028.16,2222028,,
0.055693333,0,0,0,0.088126278,0.032387785,0,0,2222027.775,2222028,,
0.055693323,1.00E-08,0,0,0.088126278,0.032387785,0,0,4776270.919,4776271,,
0.055693323,0,1.00E-08,0,0.088126278,0.032387785,0,0,3375247.567,3375248,,
0.055693323,0,0,1.00E-08,0.088126278,0.032387785,0,0,3995800.888,3995801,,
0.055693323,0,0,0,0.088126288,0.032387785,0,0,2222028.167,2222028,,
0.055693323,0,0,0,0.088126278,0.032387795,0,0,2222027.654,2222028,,
0.055693323,0,0,0,0.088126278,0.032387785,1.00E-08,0,2344598.849,2344599,,
0.055693323,0,0,0,0.088126278,0.032387785,0,1.00E-08,2222028.16,2222028,,
0,0,0,0,0.172224475,0.0792,0,0,8.2649E+12,10000000,,
1.00E-08,0,0,0,0.172224475,0.0792,0,0,8.26489E+12,10000000,,
0,1.00E-08,0,0,0.172224475,0.0792,0,0,8.2649E+12,10000000,,
0,0,1.00E-08,0,0.172224475,0.0792,0,0,8.2649E+12,10000000,,
0,0,0,1.00E-08,0.172224475,0.0792,0,0,8.2649E+12,10000000,,
0,0,0,0,0.172224465,0.0792,0,0,8.2649E+12,10000000,,
0,0,0,0,0.172224475,0.07919999,0,0,8.2649E+12,10000000,,
0,0,0,0,0.172224475,0.0792,1.00E-08,0,8.2649E+12,10000000,,
0,0,0,0,0.172224475,0.0792,0,1.00E-08,8.2649E+12,10000000,,
0.055693322,0,0,0,0.088126278,0.032387785,0,0,2222028.159,2222028,,
0.055693332,0,0,0,0.088126278,0.032387785,0,0,2222027.774,2222028,,
0.055693322,1.00E-08,0,0,0.088126278,0.032387785,0,0,4776270.918,4776271,,
0.055693322,0,1.00E-08,0,0.088126278,0.032387785,0,0,3375247.566,3375248,,
0.055693322,0,0,1.00E-08,0.088126278,0.032387785,0,0,3995800.886,3995801,,
0.055693322,0,0,0,0.088126288,0.032387785,0,0,2222028.166,2222028,,
0.055693322,0,0,0,0.088126278,0.032387795,0,0,2222027.653,2222028,,
0.055693322,0,0,0,0.088126278,0.032387785,1.00E-08,0,2344598.848,2344599,,
0.055693322,0,0,0,0.088126278,0.032387785,0,1.00E-08,2222028.159,2222028,,
0.027846661,0,0,0,0.130175377,0.055793892,0,0,1.9537E+12,10000000,,
0.027846671,0,0,0,0.130175377,0.055793892,0,0,1.95369E+12,10000000,,
0.027846661,1.00E-08,0,0,0.130175377,0.055793892,0,0,1.9537E+12,10000000,,
0.027846661,0,1.00E-08,0,0.130175377,0.055793892,0,0,1.9537E+12,10000000,,
0.027846661,0,0,1.00E-08,0.130175377,0.055793892,0,0,1.9537E+12,10000000,,
0.027846661,0,0,0,0.130175387,0.055793892,0,0,1.9537E+12,10000000,,
0.027846661,0,0,0,0.130175377,0.055793902,0,0,1.9537E+12,10000000,,
0.027846661,0,0,0,0.130175377,0.055793892,1.00E-08,0,1.9537E+12,10000000,,
0.027846661,0,0,0,0.130175377,0.055793892,0,1.00E-08,1.9537E+12,10000000,,
0.055693322,0,0,0,0.088126279,0.032387785,0,0,2222028.157,2222028,,
0.055693332,0,0,0,0.088126279,0.032387785,0,0,2222027.772,2222028,,
0.055693322,1.00E-08,0,0,0.088126279,0.032387785,0,0,4776270.916,4776271,,
0.055693322,0,1.00E-08,0,0.088126279,0.032387785,0,0,3375247.565,3375248,,
0.055693322,0,0,1.00E-08,0.088126279,0.032387785,0,0,3995800.885,3995801,,
0.055693322,0,0,0,0.088126289,0.032387785,0,0,2222028.165,2222028,,
0.055693322,0,0,0,0.088126279,0.032387795,0,0,2222027.651,2222028,,
0.055693322,0,0,0,0.088126279,0.032387785,1.00E-08,0,2344598.846,2344599,,
0.055693322,0,0,0,0.088126279,0.032387785,0,1.00E-08,2222028.157,2222028,,
0.044626503,0,0,0,0.10483743,0.041689839,0,0,2.57719E+11,10000000,,
0.044626513,0,0,0,0.10483743,0.041689839,0,0,2.57719E+11,10000000,,
0.044626503,1.00E-08,0,0,0.10483743,0.041689839,0,0,2.57722E+11,10000000,,
0.044626503,0,1.00E-08,0,0.10483743,0.041689839,0,0,2.5772E+11,10000000,,
0.044626503,0,0,1.00E-08,0.10483743,0.041689839,0,0,2.57721E+11,10000000,,
0.044626503,0,0,0,0.10483744,0.041689839,0,0,2.57719E+11,10000000,,
0.044626503,0,0,0,0.10483743,0.041689849,0,0,2.57719E+11,10000000,,
0.044626503,0,0,0,0.10483743,0.041689839,1.00E-08,0,2.57719E+11,10000000,,
0.044626503,0,0,0,0.10483743,0.041689839,0,1.00E-08,2.57719E+11,10000000,,
0.055693321,0,0,0,0.088126281,0.032387786,0,0,2222028.155,2222028,,
0.055693331,0,0,0,0.088126281,0.032387786,0,0,2222027.769,2222028,,
0.055693321,1.00E-08,0,0,0.088126281,0.032387786,0,0,4776270.914,4776271,,
0.055693321,0,1.00E-08,0,0.088126281,0.032387786,0,0,3375247.562,3375248,,
0.055693321,0,0,1.00E-08,0.088126281,0.032387786,0,0,3995800.882,3995801,,
0.055693321,0,0,0,0.088126291,0.032387786,0,0,2222028.162,2222028,,
0.055693321,0,0,0,0.088126281,0.032387796,0,0,2222027.649,2222028,,
0.055693321,0,0,0,0.088126281,0.032387786,1.00E-08,0,2344598.843,2344599,,
0.055693321,0,0,0,0.088126281,0.032387786,0,1.00E-08,2222028.155,2222028,,
0.048389221,0,0,0,0.099155639,0.038527141,0,0,94906052610,10000000,,
0.048389231,0,0,0,0.099155639,0.038527141,0,0,94905725784,10000000,,
0.048389221,1.00E-08,0,0,0.099155639,0.038527141,0,0,94908606853,10000000,,
0.048389221,0,1.00E-08,0,0.099155639,0.038527141,0,0,94907205829,10000000,,
0.048389221,0,0,1.00E-08,0.099155639,0.038527141,0,0,94907826383,10000000,,
0.048389221,0,0,0,0.099155649,0.038527141,0,0,94906052610,10000000,,
0.048389221,0,0,0,0.099155639,0.038527151,0,0,94906052609,10000000,,
0.048389221,0,0,0,0.099155639,0.038527141,1.00E-08,0,94906107160,10000000,,
0.048389221,0,0,0,0.099155639,0.038527141,0,1.00E-08,94906051994,10000000,,
0.055693319,0,0,0,0.088126283,0.032387787,0,0,2222028.151,2222028,,
0.055693329,0,0,0,0.088126283,0.032387787,0,0,2222027.766,2222028,,
0.055693319,1.00E-08,0,0,0.088126283,0.032387787,0,0,4776270.91,4776271,,
0.055693319,0,1.00E-08,0,0.088126283,0.032387787,0,0,3375247.558,3375248,,
0.055693319,0,0,1.00E-08,0.088126283,0.032387787,0,0,3995800.879,3995801,,
0.055693319,0,0,0,0.088126293,0.032387787,0,0,2222028.158,2222028,,
0.055693319,0,0,0,0.088126283,0.032387797,0,0,2222027.645,2222028,,
0.055693319,0,0,0,0.088126283,0.032387787,1.00E-08,0,2344598.84,2344599,,
0.055693319,0,0,0,0.088126283,0.032387787,0,1.00E-08,2222028.151,2222028,,
0.055693318,0,0,0,0.088126285,0.032387789,0,0,2222028.146,2222028,,
0.055693328,0,0,0,0.088126285,0.032387789,0,0,2222027.761,2222028,,
0.055693318,1.00E-08,0,0,0.088126285,0.032387789,0,0,4776270.905,4776271,,
0.055693318,0,1.00E-08,0,0.088126285,0.032387789,0,0,3375247.554,3375248,,
0.055693318,0,0,1.00E-08,0.088126285,0.032387789,0,0,3995800.874,3995801,,
0.055693318,0,0,0,0.088126295,0.032387789,0,0,2222028.154,2222028,,
0.055693318,0,0,0,0.088126285,0.032387799,0,0,2222027.64,2222028,,
0.055693318,0,0,0,0.088126285,0.032387789,1.00E-08,0,2344598.835,2344599,,
0.055693318,0,0,0,0.088126285,0.032387789,0,1.00E-08,2222028.146,2222028,,
0.052041269,0,0,0,0.093640962,0.035457465,0,0,13076217503,10000000,,
0.052041279,0,0,0,0.093640962,0.035457465,0,0,13076096198,10000000,,
0.052041269,1.00E-08,0,0,0.093640962,0.035457465,0,0,13078771746,10000000,,
0.052041269,0,1.00E-08,0,0.093640962,0.035457465,0,0,13077370722,10000000,,
0.052041269,0,0,1.00E-08,0.093640962,0.035457465,0,0,13077991276,10000000,,
0.052041269,0,0,0,0.093640972,0.035457465,0,0,13076217503,10000000,,
0.052041269,0,0,0,0.093640962,0.035457475,0,0,13076217502,10000000,,
0.052041269,0,0,0,0.093640962,0.035457465,1.00E-08,0,13076314827,10000000,,
0.052041269,0,0,0,0.093640962,0.035457465,0,1.00E-08,13076217274,10000000,,
0.05535271,0,0,0,0.08864061,0.032674081,0,0,2221039.366,2221039,,
0.05535272,0,0,0,0.08864061,0.032674081,0,0,2221038.983,2221039,,
0.05535271,1.00E-08,0,0,0.08864061,0.032674081,0,0,4775282.125,4775282,,
0.05535271,0,1.00E-08,0,0.08864061,0.032674081,0,0,3374258.773,3374259,,
0.05535271,0,0,1.00E-08,0.08864061,0.032674081,0,0,3994812.093,3994812,,
0.05535271,0,0,0,0.08864062,0.032674081,0,0,2221039.373,2221039,,
0.05535271,0,0,0,0.08864061,0.032674091,0,0,2221038.863,2221039,,
0.05535271,0,0,0,0.08864061,0.032674081,1.00E-08,0,2343610.054,2343610,,
0.05535271,0,0,0,0.08864061,0.032674081,0,1.00E-08,2221039.366,2221039,,
0.053167159,0,0,0,0.091940842,0.034511114,0,0,2985421707,10000000,,
0.053167169,0,0,0,0.091940842,0.034511114,0,0,2985363762,10000000,,
0.053167159,1.00E-08,0,0,0.091940842,0.034511114,0,0,2987975950,10000000,,
0.053167159,0,1.00E-08,0,0.091940842,0.034511114,0,0,2986574926,10000000,,
0.053167159,0,0,1.00E-08,0.091940842,0.034511114,0,0,2987195480,10000000,,
0.053167159,0,0,0,0.091940852,0.034511114,0,0,2985421707,10000000,,
0.053167159,0,0,0,0.091940842,0.034511124,0,0,2985421706,10000000,,
0.053167159,0,0,0,0.091940842,0.034511114,1.00E-08,0,2985532218,10000000,,
0.053167159,0,0,0,0.091940842,0.034511114,0,1.00E-08,2985421598,10000000,,
0.054948677,0,0,0,0.089250709,0.033013685,0,0,2219866.549,2219867,,
0.054948687,0,0,0,0.089250709,0.033013685,0,0,2219866.17,2219866,,
0.054948677,1.00E-08,0,0,0.089250709,0.033013685,0,0,4774109.308,4774109,,
0.054948677,0,1.00E-08,0,0.089250709,0.033013685,0,0,3373085.956,3373086,,
0.054948677,0,0,1.00E-08,0.089250709,0.033013685,0,0,3993639.277,3993639,,
0.054948677,0,0,0,0.089250719,0.033013685,0,0,2219866.556,2219867,,
0.054948677,0,0,0,0.089250709,0.033013695,0,0,2219866.051,2219866,,
0.054948677,0,0,0,0.089250709,0.033013685,1.00E-08,0,2342437.237,2342437,,
0.054948677,0,0,0,0.089250709,0.033013685,0,1.00E-08,2219866.549,2219867,,
0.053772875,0,0,0,0.091026197,0.034001989,0,0,507949121.8,10000000,,
0.053772885,0,0,0,0.091026197,0.034001989,0,0,507925263.6,10000000,,
0.053772875,1.00E-08,0,0,0.091026197,0.034001989,0,0,510503364.5,10000000,,
0.053772875,0,1.00E-08,0,0.091026197,0.034001989,0,0,509102341.2,10000000,,
0.053772875,0,0,1.00E-08,0.091026197,0.034001989,0,0,509722894.5,10000000,,
0.053772875,0,0,0,0.091026207,0.034001989,0,0,507949121.8,10000000,,
0.053772875,0,0,0,0.091026197,0.034001999,0,0,507949121.3,10000000,,
0.053772875,0,0,0,0.091026197,0.034001989,1.00E-08,0,508066727,10000000,,
0.053772875,0,0,0,0.091026197,0.034001989,0,1.00E-08,507949076.8,10000000,,
0.054667244,0,0,0,0.08967568,0.03325024,0,0,2219049.665,2219050,,
0.054667254,0,0,0,0.08967568,0.03325024,0,0,2219049.29,2219049,,
0.054667244,1.00E-08,0,0,0.08967568,0.03325024,0,0,4773292.425,4773292,,
0.054667244,0,1.00E-08,0,0.08967568,0.03325024,0,0,3372269.073,3372269,,
0.054667244,0,0,1.00E-08,0.08967568,0.03325024,0,0,3992822.394,3992822,,
0.054667244,0,0,0,0.08967569,0.03325024,0,0,2219049.673,2219050,,
0.054667244,0,0,0,0.08967568,0.03325025,0,0,2219049.17,2219049,,
0.054667244,0,0,0,0.08967568,0.03325024,1.00E-08,0,2341620.354,2341620,,
0.054667244,0,0,0,0.08967568,0.03325024,0,1.00E-08,2219049.665,2219050,,
0.054076961,0,0,0,0.090567021,0.033746394,0,0,42645115.63,10000000,,
0.054076971,0,0,0,0.090567021,0.033746394,0,0,42638370.03,10000000,,
0.054076961,1.00E-08,0,0,0.090567021,0.033746394,0,0,45199358.39,10000000,,
0.054076961,0,1.00E-08,0,0.090567021,0.033746394,0,0,43798335.04,10000000,,
0.054076961,0,0,1.00E-08,0.090567021,0.033746394,0,0,44418888.36,10000000,,
0.054076961,0,0,0,0.090567031,0.033746394,0,0,42645115.64,10000000,,
0.054076961,0,0,0,0.090567021,0.033746404,0,0,42645115.14,10000000,,
0.054076961,0,0,0,0.090567021,0.033746394,1.00E-08,0,42766282.42,10000000,,
0.054076961,0,0,0,0.090567021,0.033746394,0,1.00E-08,42645102.91,10000000,,
0.054495545,0,0,0,0.089934949,0.033394559,0,0,2218551.318,2218551,,
0.054495555,0,0,0,0.089934949,0.033394559,0,0,2218550.944,2218551,,
0.054495545,1.00E-08,0,0,0.089934949,0.033394559,0,0,4772794.077,4772794,,
0.054495545,0,1.00E-08,0,0.089934949,0.033394559,0,0,3371770.726,3371771,,
0.054495545,0,0,1.00E-08,0.089934949,0.033394559,0,0,3992324.047,3992324,,
0.054495545,0,0,0,0.089934959,0.033394559,0,0,2218551.326,2218551,,
0.054495545,0,0,0,0.089934949,0.033394569,0,0,2218550.825,2218551,,
0.054495545,0,0,0,0.089934949,0.033394559,1.00E-08,0,2341122.007,2341122,,
0.054495545,0,0,0,0.089934949,0.033394559,0,1.00E-08,2218551.318,2218551,,
0.054219279,0,0,0,0.090352117,0.03362677,0,0,2217749.506,2217750,,
0.054219289,0,0,0,0.090352117,0.03362677,0,0,2217749.135,2217749,,
0.054219279,1.00E-08,0,0,0.090352117,0.03362677,0,0,4771992.266,4771992,,
0.054219279,0,1.00E-08,0,0.090352117,0.03362677,0,0,3370968.914,3370969,,
0.054219279,0,0,1.00E-08,0.090352117,0.03362677,0,0,3991522.236,3991522,,
0.054219279,0,0,0,0.090352127,0.03362677,0,0,2217749.514,2217750,,
0.054219279,0,0,0,0.090352117,0.03362678,0,0,2217749.016,2217749,,
0.054219279,0,0,0,0.090352117,0.03362677,1.00E-08,0,2340320.195,2340320,,
0.054219279,0,0,0,0.090352117,0.03362677,0,1.00E-08,2217749.506,2217750,,
0,0,0,0,0.172224475,0.0792,0,0,8.2649E+12,10000000,,
1.00E-08,0,0,0,0.172224475,0.0792,0,0,8.26489E+12,10000000,,
0,1.00E-08,0,0,0.172224475,0.0792,0,0,8.2649E+12,10000000,,
0,0,1.00E-08,0,0.172224475,0.0792,0,0,8.2649E+12,10000000,,
0,0,0,1.00E-08,0.172224475,0.0792,0,0,8.2649E+12,10000000,,
0,0,0,0,0.172224465,0.0792,0,0,8.2649E+12,10000000,,
0,0,0,0,0.172224475,0.07919999,0,0,8.2649E+12,10000000,,
0,0,0,0,0.172224475,0.0792,1.00E-08,0,8.2649E+12,10000000,,
0,0,0,0,0.172224475,0.0792,0,1.00E-08,8.2649E+12,10000000,,
0.054219279,0,0,0,0.090352117,0.03362677,0,0,2217749.505,2217750,,
0.054219289,0,0,0,0.090352117,0.03362677,0,0,2217749.134,2217749,,
0.054219279,1.00E-08,0,0,0.090352117,0.03362677,0,0,4771992.265,4771992,,
0.054219279,0,1.00E-08,0,0.090352117,0.03362677,0,0,3370968.913,3370969,,
0.054219279,0,0,1.00E-08,0.090352117,0.03362677,0,0,3991522.235,3991522,,
0.054219279,0,0,0,0.090352127,0.03362677,0,0,2217749.513,2217750,,
0.054219279,0,0,0,0.090352117,0.03362678,0,0,2217749.015,2217749,,
0.054219279,0,0,0,0.090352117,0.03362677,1.00E-08,0,2340320.194,2340320,,
0.054219279,0,0,0,0.090352117,0.03362677,0,1.00E-08,2217749.505,2217750,,
0.02710964,0,0,0,0.131288296,0.056413385,0,0,2.06451E+12,10000000,,
0.02710965,0,0,0,0.131288296,0.056413385,0,0,2.06451E+12,10000000,,
0.02710964,1.00E-08,0,0,0.131288296,0.056413385,0,0,2.06452E+12,10000000,,
0.02710964,0,1.00E-08,0,0.131288296,0.056413385,0,0,2.06452E+12,10000000,,
0.02710964,0,0,1.00E-08,0.131288296,0.056413385,0,0,2.06452E+12,10000000,,
0.02710964,0,0,0,0.131288306,0.056413385,0,0,2.06451E+12,10000000,,
0.02710964,0,0,0,0.131288296,0.056413395,0,0,2.06451E+12,10000000,,
0.02710964,0,0,0,0.131288296,0.056413385,1.00E-08,0,2.06451E+12,10000000,,
0.02710964,0,0,0,0.131288296,0.056413385,0,1.00E-08,2.06451E+12,10000000,,
0.054219279,0,0,0,0.090352118,0.033626771,0,0,2217749.504,2217750,,
0.054219289,0,0,0,0.090352118,0.033626771,0,0,2217749.133,2217749,,
0.054219279,1.00E-08,0,0,0.090352118,0.033626771,0,0,4771992.263,4771992,,
0.054219279,0,1.00E-08,0,0.090352118,0.033626771,0,0,3370968.912,3370969,,
0.054219279,0,0,1.00E-08,0.090352118,0.033626771,0,0,3991522.233,3991522,,
0.054219279,0,0,0,0.090352128,0.033626771,0,0,2217749.512,2217750,,
0.054219279,0,0,0,0.090352118,0.033626781,0,0,2217749.014,2217749,,
0.054219279,0,0,0,0.090352118,0.033626771,1.00E-08,0,2340320.193,2340320,,
0.054219279,0,0,0,0.090352118,0.033626771,0,1.00E-08,2217749.504,2217750,,
0.054219278,0,0,0,0.090352119,0.033626771,0,0,2217749.502,2217750,,
0.054219288,0,0,0,0.090352119,0.033626771,0,0,2217749.131,2217749,,
0.054219278,1.00E-08,0,0,0.090352119,0.033626771,0,0,4771992.262,4771992,,
0.054219278,0,1.00E-08,0,0.090352119,0.033626771,0,0,3370968.91,3370969,,
0.054219278,0,0,1.00E-08,0.090352119,0.033626771,0,0,3991522.232,3991522,,
0.054219278,0,0,0,0.090352129,0.033626771,0,0,2217749.51,2217750,,
0.054219278,0,0,0,0.090352119,0.033626781,0,0,2217749.012,2217749,,
0.054219278,0,0,0,0.090352119,0.033626771,1.00E-08,0,2340320.191,2340320,,
0.054219278,0,0,0,0.090352119,0.033626771,0,1.00E-08,2217749.502,2217750,,
0.040664459,0,0,0,0.110820208,0.045020078,0,0,5.15275E+11,10000000,,
0.040664469,0,0,0,0.110820208,0.045020078,0,0,5.15274E+11,10000000,,
0.040664459,1.00E-08,0,0,0.110820208,0.045020078,0,0,5.15278E+11,10000000,,
0.040664459,0,1.00E-08,0,0.110820208,0.045020078,0,0,5.15276E+11,10000000,,
0.040664459,0,0,1.00E-08,0.110820208,0.045020078,0,0,5.15277E+11,10000000,,
0.040664459,0,0,0,0.110820218,0.045020078,0,0,5.15275E+11,10000000,,
0.040664459,0,0,0,0.110820208,0.045020088,0,0,5.15275E+11,10000000,,
0.040664459,0,0,0,0.110820208,0.045020078,1.00E-08,0,5.15275E+11,10000000,,
0.040664459,0,0,0,0.110820208,0.045020078,0,1.00E-08,5.15275E+11,10000000,,
0.054219278,0,0,0,0.09035212,0.033626772,0,0,2217749.501,2217750,,
0.054219288,0,0,0,0.09035212,0.033626772,0,0,2217749.13,2217749,,
0.054219278,1.00E-08,0,0,0.09035212,0.033626772,0,0,4771992.26,4771992,,
0.054219278,0,1.00E-08,0,0.09035212,0.033626772,0,0,3370968.909,3370969,,
0.054219278,0,0,1.00E-08,0.09035212,0.033626772,0,0,3991522.23,3991522,,
0.054219278,0,0,0,0.09035213,0.033626772,0,0,2217749.509,2217750,,
0.054219278,0,0,0,0.09035212,0.033626782,0,0,2217749.011,2217749,,
0.054219278,0,0,0,0.09035212,0.033626772,1.00E-08,0,2340320.19,2340320,,
0.054219278,0,0,0,0.09035212,0.033626772,0,1.00E-08,2217749.501,2217750,,
0.045273097,0,0,0,0.103861058,0.041146354,0,0,2.24072E+11,10000000,,
0.045273107,0,0,0,0.103861058,0.041146354,0,0,2.24071E+11,10000000,,
0.045273097,1.00E-08,0,0,0.103861058,0.041146354,0,0,2.24074E+11,10000000,,
0.045273097,0,1.00E-08,0,0.103861058,0.041146354,0,0,2.24073E+11,10000000,,
0.045273097,0,0,1.00E-08,0.103861058,0.041146354,0,0,2.24073E+11,10000000,,
0.045273097,0,0,0,0.103861068,0.041146354,0,0,2.24072E+11,10000000,,
0.045273097,0,0,0,0.103861058,0.041146364,0,0,2.24072E+11,10000000,,
0.045273097,0,0,0,0.103861058,0.041146354,1.00E-08,0,2.24072E+11,10000000,,
0.045273097,0,0,0,0.103861058,0.041146354,0,1.00E-08,2.24072E+11,10000000,,
0.054219277,0,0,0,0.090352121,0.033626772,0,0,2217749.499,2217749,,
0.054219287,0,0,0,0.090352121,0.033626772,0,0,2217749.128,2217749,,
0.054219277,1.00E-08,0,0,0.090352121,0.033626772,0,0,4771992.259,4771992,,
0.054219277,0,1.00E-08,0,0.090352121,0.033626772,0,0,3370968.907,3370969,,
0.054219277,0,0,1.00E-08,0.090352121,0.033626772,0,0,3991522.229,3991522,,
0.054219277,0,0,0,0.090352131,0.033626772,0,0,2217749.507,2217750,,
0.054219277,0,0,0,0.090352121,0.033626782,0,0,2217749.009,2217749,,
0.054219277,0,0,0,0.090352121,0.033626772,1.00E-08,0,2340320.188,2340320,,
0.054219277,0,0,0,0.090352121,0.033626772,0,1.00E-08,2217749.499,2217749,,
0.054219276,0,0,0,0.090352121,0.033626773,0,0,2217749.498,2217749,,
0.054219286,0,0,0,0.090352121,0.033626773,0,0,2217749.127,2217749,,
0.054219276,1.00E-08,0,0,0.090352121,0.033626773,0,0,4771992.257,4771992,,
0.054219276,0,1.00E-08,0,0.090352121,0.033626773,0,0,3370968.906,3370969,,
0.054219276,0,0,1.00E-08,0.090352121,0.033626773,0,0,3991522.227,3991522,,
0.054219276,0,0,0,0.090352131,0.033626773,0,0,2217749.506,2217750,,
0.054219276,0,0,0,0.090352121,0.033626783,0,0,2217749.007,2217749,,
0.054219276,0,0,0,0.090352121,0.033626773,1.00E-08,0,2340320.187,2340320,,
0.054219276,0,0,0,0.090352121,0.033626773,0,1.00E-08,2217749.498,2217749,,
0.049746187,0,0,0,0.09710659,0.037386563,0,0,55738040593,10000000,,
0.049746197,0,0,0,0.09710659,0.037386563,0,0,55737790130,10000000,,
0.049746187,1.00E-08,0,0,0.09710659,0.037386563,0,0,55740594835,10000000,,
0.049746187,0,1.00E-08,0,0.09710659,0.037386563,0,0,55739193812,10000000,,
0.049746187,0,0,1.00E-08,0.09710659,0.037386563,0,0,55739814365,10000000,,
0.049746187,0,0,0,0.0971066,0.037386563,0,0,55738040593,10000000,,
0.049746187,0,0,0,0.09710659,0.037386573,0,0,55738040592,10000000,,
0.049746187,0,0,0,0.09710659,0.037386563,1.00E-08,0,55738111036,10000000,,
0.049746187,0,0,0,0.09710659,0.037386563,0,1.00E-08,55738040120,10000000,,
0.054219276,0,0,0,0.090352122,0.033626773,0,0,2217749.496,2217749,,
0.054219286,0,0,0,0.090352122,0.033626773,0,0,2217749.125,2217749,,
0.054219276,1.00E-08,0,0,0.090352122,0.033626773,0,0,4771992.256,4771992,,
0.054219276,0,1.00E-08,0,0.090352122,0.033626773,0,0,3370968.904,3370969,,
0.054219276,0,0,1.00E-08,0.090352122,0.033626773,0,0,3991522.226,3991522,,
0.054219276,0,0,0,0.090352132,0.033626773,0,0,2217749.504,2217750,,
0.054219276,0,0,0,0.090352122,0.033626783,0,0,2217749.006,2217749,,
0.054219276,0,0,0,0.090352122,0.033626773,1.00E-08,0,2340320.185,2340320,,
0.054219276,0,0,0,0.090352122,0.033626773,0,1.00E-08,2217749.496,2217749,,
0.051267037,0,0,0,0.094810071,0.036108235,0,0,24154728998,10000000,,
0.051267047,0,0,0,0.094810071,0.036108235,0,0,24154564122,10000000,,
0.051267037,1.00E-08,0,0,0.094810071,0.036108235,0,0,24157283241,10000000,,
0.051267037,0,1.00E-08,0,0.094810071,0.036108235,0,0,24155882217,10000000,,
0.051267037,0,0,1.00E-08,0.094810071,0.036108235,0,0,24156502771,10000000,,
0.051267037,0,0,0,0.094810081,0.036108235,0,0,24154728998,10000000,,
0.051267037,0,0,0,0.094810071,0.036108245,0,0,24154728997,10000000,,
0.051267037,0,0,0,0.094810071,0.036108235,1.00E-08,0,24154817254,10000000,,
0.051267037,0,0,0,0.094810071,0.036108235,0,1.00E-08,24154728687,10000000,,
0.054219275,0,0,0,0.090352123,0.033626774,0,0,2217749.495,2217749,,
0.054219285,0,0,0,0.090352123,0.033626774,0,0,2217749.123,2217749,,
0.054219275,1.00E-08,0,0,0.090352123,0.033626774,0,0,4771992.254,4771992,,
0.054219275,0,1.00E-08,0,0.090352123,0.033626774,0,0,3370968.903,3370969,,
0.054219275,0,0,1.00E-08,0.090352123,0.033626774,0,0,3991522.224,3991522,,
0.054219275,0,0,0,0.090352133,0.033626774,0,0,2217749.503,2217750,,
0.054219275,0,0,0,0.090352123,0.033626784,0,0,2217749.004,2217749,,
0.054219275,0,0,0,0.090352123,0.033626774,1.00E-08,0,2340320.184,2340320,,
0.054219275,0,0,0,0.090352123,0.033626774,0,1.00E-08,2217749.495,2217749,,
0.054219275,0,0,0,0.090352124,0.033626774,0,0,2217749.493,2217749,,
0.054219285,0,0,0,0.090352124,0.033626774,0,0,2217749.122,2217749,,
0.054219275,1.00E-08,0,0,0.090352124,0.033626774,0,0,4771992.253,4771992,,
0.054219275,0,1.00E-08,0,0.090352124,0.033626774,0,0,3370968.901,3370969,,
0.054219275,0,0,1.00E-08,0.090352124,0.033626774,0,0,3991522.222,3991522,,
0.054219275,0,0,0,0.090352134,0.033626774,0,0,2217749.501,2217750,,
0.054219275,0,0,0,0.090352124,0.033626784,0,0,2217749.003,2217749,,
0.054219275,0,0,0,0.090352124,0.033626774,1.00E-08,0,2340320.182,2340320,,
0.054219275,0,0,0,0.090352124,0.033626774,0,1.00E-08,2217749.493,2217749,,
0.052743156,0,0,0,0.092581097,0.034867504,0,0,5948168210,10000000,,
0.052743166,0,0,0,0.092581097,0.034867504,0,0,5948086404,10000000,,
0.052743156,1.00E-08,0,0,0.092581097,0.034867504,0,0,5950722453,10000000,,
0.052743156,0,1.00E-08,0,0.092581097,0.034867504,0,0,5949321430,10000000,,
0.052743156,0,0,1.00E-08,0.092581097,0.034867504,0,0,5949941983,10000000,,
0.052743156,0,0,0,0.092581107,0.034867504,0,0,5948168210,10000000,,
0.052743156,0,0,0,0.092581097,0.034867514,0,0,5948168210,10000000,,
0.052743156,0,0,0,0.092581097,0.034867504,1.00E-08,0,5948273755,10000000,,
0.052743156,0,0,0,0.092581097,0.034867504,0,1.00E-08,5948168056,10000000,,
0.054219274,0,0,0,0.090352125,0.033626774,0,0,2217749.492,2217749,,
0.054219284,0,0,0,0.090352125,0.033626774,0,0,2217749.12,2217749,,
0.054219274,1.00E-08,0,0,0.090352125,0.033626774,0,0,4771992.251,4771992,,
0.054219274,0,1.00E-08,0,0.090352125,0.033626774,0,0,3370968.899,3370969,,
0.054219274,0,0,1.00E-08,0.090352125,0.033626774,0,0,3991522.221,3991522,,
0.054219274,0,0,0,0.090352135,0.033626774,0,0,2217749.499,2217749,,
0.054219274,0,0,0,0.090352125,0.033626784,0,0,2217749.001,2217749,,
0.054219274,0,0,0,0.090352125,0.033626774,1.00E-08,0,2340320.181,2340320,,
0.054219274,0,0,0,0.090352125,0.033626774,0,1.00E-08,2217749.492,2217749,,
0.054219274,0,0,0,0.090352125,0.033626775,0,0,2217749.49,2217749,,
0.054219284,0,0,0,0.090352125,0.033626775,0,0,2217749.119,2217749,,
0.054219274,1.00E-08,0,0,0.090352125,0.033626775,0,0,4771992.25,4771992,,
0.054219274,0,1.00E-08,0,0.090352125,0.033626775,0,0,3370968.898,3370969,,
0.054219274,0,0,1.00E-08,0.090352125,0.033626775,0,0,3991522.219,3991522,,
0.054219274,0,0,0,0.090352135,0.033626775,0,0,2217749.498,2217749,,
0.054219274,0,0,0,0.090352125,0.033626785,0,0,2217749,2217749,,
0.054219274,0,0,0,0.090352125,0.033626775,1.00E-08,0,2340320.179,2340320,,
0.054219274,0,0,0,0.090352125,0.033626775,0,1.00E-08,2217749.49,2217749,,
0.053481215,0,0,0,0.091466611,0.03424714,0,0,1443150616,10000000,,
0.053481225,0,0,0,0.091466611,0.03424714,0,0,1443110345,10000000,,
0.053481215,1.00E-08,0,0,0.091466611,0.03424714,0,0,1445704859,10000000,,
0.053481215,0,1.00E-08,0,0.091466611,0.03424714,0,0,1444303836,10000000,,
0.053481215,0,0,1.00E-08,0.091466611,0.03424714,0,0,1444924389,10000000,,
0.053481215,0,0,0,0.091466621,0.03424714,0,0,1443150616,10000000,,
0.053481215,0,0,0,0.091466611,0.03424715,0,0,1443150616,10000000,,
0.053481215,0,0,0,0.091466611,0.03424714,1.00E-08,0,1443264806,10000000,,
0.053481215,0,0,0,0.091466611,0.03424714,0,1.00E-08,1443150541,10000000,,
0.054219273,0,0,0,0.090352126,0.033626775,0,0,2217749.488,2217749,,
0.054219283,0,0,0,0.090352126,0.033626775,0,0,2217749.117,2217749,,
0.054219273,1.00E-08,0,0,0.090352126,0.033626775,0,0,4771992.248,4771992,,
0.054219273,0,1.00E-08,0,0.090352126,0.033626775,0,0,3370968.896,3370969,,
0.054219273,0,0,1.00E-08,0.090352126,0.033626775,0,0,3991522.218,3991522,,
0.054219273,0,0,0,0.090352136,0.033626775,0,0,2217749.496,2217749,,
0.054219273,0,0,0,0.090352126,0.033626785,0,0,2217748.998,2217749,,
0.054219273,0,0,0,0.090352126,0.033626775,1.00E-08,0,2340320.177,2340320,,
0.054219273,0,0,0,0.090352126,0.033626775,0,1.00E-08,2217749.488,2217749,,
0.114055944,0,0,0,0,0.0792,0,0,3254579.518,3254580,,
0.114055934,0,0,0,0,0.0792,0,0,3254579.364,3254579,,
0.114055944,1.00E-08,0,0,0,0.0792,0,0,5808822.302,5808822,,
0.114055944,0,1.00E-08,0,0,0.0792,0,0,4407798.95,4407799,,
0.114055944,0,0,1.00E-08,0,0.0792,0,0,5028352.321,5028352,,
0.114055944,0,0,0,1.00E-08,0.0792,0,0,3254579.55,3254580,,
0.114055944,0,0,0,0,0.07919999,0,0,3254579.427,3254579,,
0.114055944,0,0,0,0,0.0792,1.00E-08,0,3377150.232,3377150,,
0.114055944,0,0,0,0,0.0792,0,1.00E-08,3254579.518,3254580,,
0.069204605,0,0,0,0.067724587,0.045040002,0,0,2476778.094,2476778,,
0.069204615,0,0,0,0.067724587,0.045040002,0,0,2476778.22,2476778,,
0.069204605,1.00E-08,0,0,0.067724587,0.045040002,0,0,5031020.86,5031021,,
0.069204605,0,1.00E-08,0,0.067724587,0.045040002,0,0,3629997.508,3629998,,
0.069204605,0,0,1.00E-08,0.067724587,0.045040002,0,0,4250550.897,4250551,,
0.069204605,0,0,0,0.067724597,0.045040002,0,0,2476778.108,2476778,,
0.069204605,0,0,0,0.067724587,0.045040012,0,0,2476778.184,2476778,,
0.069204605,0,0,0,0.067724587,0.045040002,1.00E-08,0,2599348.789,2599349,,
0.069204605,0,0,0,0.067724587,0.045040002,0,1.00E-08,2476778.094,2476778,,
0.057975847,0,0,0,0.084679778,0.036487874,0,0,2282051.872,2282052,,
0.057975857,0,0,0,0.084679778,0.036487874,0,0,2282051.99,2282052,,
0.057975847,1.00E-08,0,0,0.084679778,0.036487874,0,0,4836294.633,4836295,,
0.057975847,0,1.00E-08,0,0.084679778,0.036487874,0,0,3435271.281,3435271,,
0.057975847,0,0,1.00E-08,0.084679778,0.036487874,0,0,4055824.675,4055825,,
0.057975847,0,0,0,0.084679788,0.036487874,0,0,2282051.881,2282052,,
0.057975847,0,0,0,0.084679778,0.036487884,0,0,2282051.962,2282052,,
0.057975847,0,0,0,0.084679778,0.036487874,1.00E-08,0,2404622.562,2404623,,
0.057975847,0,0,0,0.084679778,0.036487874,0,1.00E-08,2282051.872,2282052,,
0.055164067,0,0,0,0.088925507,0.034346346,0,0,2233290.727,2233291,,
0.055164077,0,0,0,0.088925507,0.034346346,0,0,2233290.844,2233291,,
0.055164067,1.00E-08,0,0,0.088925507,0.034346346,0,0,4787533.487,4787533,,
0.055164067,0,1.00E-08,0,0.088925507,0.034346346,0,0,3386510.135,3386510,,
0.055164067,0,0,1.00E-08,0.088925507,0.034346346,0,0,4007063.53,4007064,,
0.055164067,0,0,0,0.088925517,0.034346346,0,0,2233290.735,2233291,,
0.055164067,0,0,0,0.088925507,0.034346356,0,0,2233290.817,2233291,,
0.055164067,0,0,0,0.088925507,0.034346346,1.00E-08,0,2355861.416,2355861,,
0.055164067,0,0,0,0.088925507,0.034346346,0,1.00E-08,2233290.727,2233291,,
0.054460022,0,0,0,0.089988601,0.033810126,0,0,2221081.355,2221081,,
0.054460032,0,0,0,0.089988601,0.033810126,0,0,2221081.472,2221081,,
0.054460022,1.00E-08,0,0,0.089988601,0.033810126,0,0,4775324.115,4775324,,
0.054460022,0,1.00E-08,0,0.089988601,0.033810126,0,0,3374300.763,3374301,,
0.054460022,0,0,1.00E-08,0.089988601,0.033810126,0,0,3994854.158,3994854,,
0.054460022,0,0,0,0.089988611,0.033810126,0,0,2221081.363,2221081,,
0.054460022,0,0,0,0.089988601,0.033810136,0,0,2221081.445,2221081,,
0.054460022,0,0,0,0.089988601,0.033810126,1.00E-08,0,2343652.044,2343652,,
0.054460022,0,0,0,0.089988601,0.033810126,0,1.00E-08,2221081.355,2221081,,
0.054283938,0,0,0,0.090254484,0.033676016,0,0,2218027.76,2218028,,
0.054283948,0,0,0,0.090254484,0.033676016,0,0,2218027.876,2218028,,
0.054283938,1.00E-08,0,0,0.090254484,0.033676016,0,0,4772270.519,4772271,,
0.054283938,0,1.00E-08,0,0.090254484,0.033676016,0,0,3371247.167,3371247,,
0.054283938,0,0,1.00E-08,0.090254484,0.033676016,0,0,3991800.563,3991801,,
0.054283938,0,0,0,0.090254494,0.033676016,0,0,2218027.767,2218028,,
0.054283938,0,0,0,0.090254484,0.033676026,0,0,2218027.85,2218028,,
0.054283938,0,0,0,0.090254484,0.033676016,1.00E-08,0,2340598.449,2340598,,
0.054283938,0,0,0,0.090254484,0.033676016,0,1.00E-08,2218027.76,2218028,,
0.054240851,0,0,0,0.090319545,0.033643199,0,0,2217280.55,2217281,,
0.054240861,0,0,0,0.090319545,0.033643199,0,0,2217280.666,2217281,,
0.054240851,1.00E-08,0,0,0.090319545,0.033643199,0,0,4771523.31,4771523,,
0.054240851,0,1.00E-08,0,0.090319545,0.033643199,0,0,3370499.958,3370500,,
0.054240851,0,0,1.00E-08,0.090319545,0.033643199,0,0,3991053.353,3991053,,
0.054240851,0,0,0,0.090319555,0.033643199,0,0,2217280.558,2217281,,
0.054240851,0,0,0,0.090319545,0.033643209,0,0,2217280.64,2217281,,
0.054240851,0,0,0,0.090319545,0.033643199,1.00E-08,0,2339851.239,2339851,,
0.054240851,0,0,0,0.090319545,0.033643199,0,1.00E-08,2217280.55,2217281,,
0.054236019,0,0,0,0.090325241,0.033640813,0,0,2217210.633,2217211,,
0.054236029,0,0,0,0.090325241,0.033640813,0,0,2217210.685,2217211,,
0.054236019,1.00E-08,0,0,0.090325241,0.033640813,0,0,4771453.36,4771453,,
0.054236019,0,1.00E-08,0,0.090325241,0.033640813,0,0,3370430.009,3370430,,
0.054236019,0,0,1.00E-08,0.090325241,0.033640813,0,0,3990983.433,3990983,,
0.054236019,0,0,0,0.090325251,0.033640813,0,0,2217210.609,2217211,,
0.054236019,0,0,0,0.090325241,0.033640823,0,0,2217210.704,2217211,,
0.054236019,0,0,0,0.090325241,0.033640813,1.00E-08,0,2339781.29,2339781,,
0.054236019,0,0,0,0.090325241,0.033640813,0,1.00E-08,2217210.633,2217211,,
0.054214083,0,0,0,0.090359054,0.033627679,0,0,2217916.126,2217916,,
0.054214093,0,0,0,0.090359054,0.033627679,0,0,2217915.67,2217916,,
0.054214083,1.00E-08,0,0,0.090359054,0.033627679,0,0,4772158.868,4772159,,
0.054214083,0,1.00E-08,0,0.090359054,0.033627679,0,0,3371135.516,3371136,,
0.054214083,0,0,1.00E-08,0.090359054,0.033627679,0,0,3991688.847,3991689,,
0.054214083,0,0,0,0.090359064,0.033627679,0,0,2217916.116,2217916,,
0.054214083,0,0,0,0.090359054,0.033627689,0,0,2217915.567,2217916,,
0.054214083,0,0,0,0.090359054,0.033627679,1.00E-08,0,2340486.797,2340487,,
0.054214083,0,0,0,0.090359054,0.033627679,0,1.00E-08,2217916.126,2217916,,
0.054232815,0,0,0,0.09033018,0.033638894,0,0,2217189.39,2217189,,
0.054232825,0,0,0,0.09033018,0.033638894,0,0,2217189.368,2217189,,
0.054232815,1.00E-08,0,0,0.09033018,0.033638894,0,0,4771432.119,4771432,,
0.054232815,0,1.00E-08,0,0.09033018,0.033638894,0,0,3370408.767,3370409,,
0.054232815,0,0,1.00E-08,0.09033018,0.033638894,0,0,3990962.179,3990962,,
0.054232815,0,0,0,0.09033019,0.033638894,0,0,2217189.367,2217189,,
0.054232815,0,0,0,0.09033018,0.033638904,0,0,2217189.369,2217189,,
0.054232815,0,0,0,0.09033018,0.033638894,1.00E-08,0,2339760.049,2339760,,
0.054232815,0,0,0,0.09033018,0.033638894,0,1.00E-08,2217189.39,2217189,,
0.05423265,0,0,0,0.090331421,0.033639048,0,0,2217187.657,2217188,,
0.05423266,0,0,0,0.090331421,0.033639048,0,0,2217187.666,2217188,,
0.05423265,1.00E-08,0,0,0.090331421,0.033639048,0,0,4771430.407,4771430,,
0.05423265,0,1.00E-08,0,0.090331421,0.033639048,0,0,3370407.055,3370407,,
0.05423265,0,0,1.00E-08,0.090331421,0.033639048,0,0,3990960.446,3990960,,
0.05423265,0,0,0,0.090331431,0.033639048,0,0,2217187.655,2217188,,
0.05423265,0,0,0,0.090331421,0.033639058,0,0,2217187.637,2217188,,
0.05423265,0,0,0,0.090331421,0.033639048,1.00E-08,0,2339758.336,2339758,,
0.05423265,0,0,0,0.090331421,0.033639048,0,1.00E-08,2217187.657,2217188,,
0.054232323,0,0,0,0.090332286,0.03363933,0,0,2217186.751,2217187,,
0.054232333,0,0,0,0.090332286,0.03363933,0,0,2217186.77,2217187,,
0.054232323,1.00E-08,0,0,0.090332286,0.03363933,0,0,4771429.508,4771430,,
0.054232323,0,1.00E-08,0,0.090332286,0.03363933,0,0,3370406.156,3370406,,
0.054232323,0,0,1.00E-08,0.090332286,0.03363933,0,0,3990959.54,3990960,,
0.054232323,0,0,0,0.090332296,0.03363933,0,0,2217186.756,2217187,,
0.054232323,0,0,0,0.090332286,0.03363934,0,0,2217186.731,2217187,,
0.054232323,0,0,0,0.090332286,0.03363933,1.00E-08,0,2339757.437,2339757,,
0.054232323,0,0,0,0.090332286,0.03363933,0,1.00E-08,2217186.751,2217187,,
0.054230399,0,0,0,0.090336225,0.033640963,0,0,2217182.772,2217183,,
0.054230409,0,0,0,0.090336225,0.033640963,0,0,2217182.823,2217183,,
0.054230399,1.00E-08,0,0,0.090336225,0.033640963,0,0,4771425.55,4771426,,
0.054230399,0,1.00E-08,0,0.090336225,0.033640963,0,0,3370402.198,3370402,,
0.054230399,0,0,1.00E-08,0.090336225,0.033640963,0,0,3990955.561,3990956,,
0.054230399,0,0,0,0.090336235,0.033640963,0,0,2217182.798,2217183,,
0.054230399,0,0,0,0.090336225,0.033640973,0,0,2217182.753,2217183,,
0.054230399,0,0,0,0.090336225,0.033640963,1.00E-08,0,2339753.479,2339753,,
0.054230399,0,0,0,0.090336225,0.033640963,0,1.00E-08,2217182.772,2217183,,
0.054225407,0,0,0,0.09034517,0.03364518,0,0,2217172.832,2217173,,
0.054225417,0,0,0,0.09034517,0.03364518,0,0,2217172.894,2217173,,
0.054225407,1.00E-08,0,0,0.09034517,0.03364518,0,0,4771415.617,4771416,,
0.054225407,0,1.00E-08,0,0.09034517,0.03364518,0,0,3370392.265,3370392,,
0.054225407,0,0,1.00E-08,0.09034517,0.03364518,0,0,3990945.622,3990946,,
0.054225407,0,0,0,0.09034518,0.03364518,0,0,2217172.865,2217173,,
0.054225407,0,0,0,0.09034517,0.03364519,0,0,2217172.813,2217173,,
0.054225407,0,0,0,0.09034517,0.03364518,1.00E-08,0,2339743.546,2339744,,
0.054225407,0,0,0,0.09034517,0.03364518,0,1.00E-08,2217172.832,2217173,,
0.054205435,0,0,0,0.090380949,0.033662049,0,0,2217133.566,2217134,,
0.054205445,0,0,0,0.090380949,0.033662049,0,0,2217133.629,2217134,,
0.054205435,1.00E-08,0,0,0.090380949,0.033662049,0,0,4771376.35,4771376,,
0.054205435,0,1.00E-08,0,0.090380949,0.033662049,0,0,3370352.998,3370353,,
0.054205435,0,0,1.00E-08,0.090380949,0.033662049,0,0,3990906.355,3990906,,
0.054205435,0,0,0,0.090380959,0.033662049,0,0,2217133.598,2217134,,
0.054205435,0,0,0,0.090380949,0.033662059,0,0,2217133.548,2217134,,
0.054205435,0,0,0,0.090380949,0.033662049,1.00E-08,0,2339704.279,2339704,,
0.054205435,0,0,0,0.090380949,0.033662049,0,1.00E-08,2217133.566,2217134,,
0.054125548,0,0,0,0.090524066,0.033729527,0,0,16512916.93,10000000,,
0.054125558,0,0,0,0.090524066,0.033729527,0,0,16508906.02,10000000,,
0.054125548,1.00E-08,0,0,0.090524066,0.033729527,0,0,19067159.72,10000000,,
0.054125548,0,1.00E-08,0,0.090524066,0.033729527,0,0,17666136.37,10000000,,
0.054125548,0,0,1.00E-08,0.090524066,0.033729527,0,0,18286689.72,10000000,,
0.054125548,0,0,0,0.090524076,0.033729527,0,0,16512916.97,10000000,,
0.054125548,0,0,0,0.090524066,0.033729537,0,0,16512916.92,10000000,,
0.054125548,0,0,0,0.090524066,0.033729527,1.00E-08,0,16634652.81,10000000,,
0.054125548,0,0,0,0.090524066,0.033729527,0,1.00E-08,16512909.37,10000000,,
0.054205434,0,0,0,0.09038095,0.03366205,0,0,2217133.565,2217134,,
0.054205444,0,0,0,0.09038095,0.03366205,0,0,2217133.628,2217134,,
0.054205434,1.00E-08,0,0,0.09038095,0.03366205,0,0,4771376.349,4771376,,
0.054205434,0,1.00E-08,0,0.09038095,0.03366205,0,0,3370352.997,3370353,,
0.054205434,0,0,1.00E-08,0.09038095,0.03366205,0,0,3990906.354,3990906,,
0.054205434,0,0,0,0.09038096,0.03366205,0,0,2217133.597,2217134,,
0.054205434,0,0,0,0.09038095,0.03366206,0,0,2217133.547,2217134,,
0.054205434,0,0,0,0.09038095,0.03366205,1.00E-08,0,2339704.278,2339704,,
0.054205434,0,0,0,0.09038095,0.03366205,0,1.00E-08,2217133.565,2217134,,
0.054205427,0,0,0,0.090380964,0.033662056,0,0,2217133.55,2217134,,
0.054205437,0,0,0,0.090380964,0.033662056,0,0,2217133.613,2217134,,
0.054205427,1.00E-08,0,0,0.090380964,0.033662056,0,0,4771376.334,4771376,,
0.054205427,0,1.00E-08,0,0.090380964,0.033662056,0,0,3370352.982,3370353,,
0.054205427,0,0,1.00E-08,0.090380964,0.033662056,0,0,3990906.339,3990906,,
0.054205427,0,0,0,0.090380974,0.033662056,0,0,2217133.582,2217134,,
0.054205427,0,0,0,0.090380964,0.033662066,0,0,2217133.532,2217134,,
0.054205427,0,0,0,0.090380964,0.033662056,1.00E-08,0,2339704.264,2339704,,
0.054205427,0,0,0,0.090380964,0.033662056,0,1.00E-08,2217133.55,2217134,,
0.054165487,0,0,0,0.090452515,0.033695791,0,0,4980631.145,4980631,,
0.054165497,0,0,0,0.090452515,0.033695791,0,0,4978867.851,4978868,,
0.054165487,1.00E-08,0,0,0.090452515,0.033695791,0,0,7534873.93,7534874,,
0.054165487,0,1.00E-08,0,0.090452515,0.033695791,0,0,6133850.578,6133851,,
0.054165487,0,0,1.00E-08,0.090452515,0.033695791,0,0,6754403.935,6754404,,
0.054165487,0,0,0,0.090452525,0.033695791,0,0,4980631.178,4980631,,
0.054165487,0,0,0,0.090452515,0.033695801,0,0,4980631.132,4980631,,
0.054165487,0,0,0,0.090452515,0.033695791,1.00E-08,0,5102834.813,5102835,,
0.054165487,0,0,0,0.090452515,0.033695791,0,1.00E-08,4980627.821,4980628,,
0.054205426,0,0,0,0.090380965,0.033662057,0,0,2217133.548,2217134,,
0.054205436,0,0,0,0.090380965,0.033662057,0,0,2217133.611,2217134,,
0.054205426,1.00E-08,0,0,0.090380965,0.033662057,0,0,4771376.332,4771376,,
0.054205426,0,1.00E-08,0,0.090380965,0.033662057,0,0,3370352.981,3370353,,
0.054205426,0,0,1.00E-08,0.090380965,0.033662057,0,0,3990906.337,3990906,,
0.054205426,0,0,0,0.090380975,0.033662057,0,0,2217133.581,2217134,,
0.054205426,0,0,0,0.090380965,0.033662067,0,0,2217133.531,2217134,,
0.054205426,0,0,0,0.090380965,0.033662057,1.00E-08,0,2339704.262,2339704,,
0.054205426,0,0,0,0.090380965,0.033662057,0,1.00E-08,2217133.548,2217134,,
0.054205425,0,0,0,0.090380967,0.033662058,0,0,2217133.545,2217134,,
0.054205435,0,0,0,0.090380967,0.033662058,0,0,2217133.609,2217134,,
0.054205425,1.00E-08,0,0,0.090380967,0.033662058,0,0,4771376.33,4771376,,
0.054205425,0,1.00E-08,0,0.090380967,0.033662058,0,0,3370352.978,3370353,,
0.054205425,0,0,1.00E-08,0.090380967,0.033662058,0,0,3990906.335,3990906,,
0.054205425,0,0,0,0.090380977,0.033662058,0,0,2217133.578,2217134,,
0.054205425,0,0,0,0.090380967,0.033662068,0,0,2217133.528,2217134,,
0.054205425,0,0,0,0.090380967,0.033662058,1.00E-08,0,2339704.259,2339704,,
0.054205425,0,0,0,0.090380967,0.033662058,0,1.00E-08,2217133.545,2217134,,
0.054185456,0,0,0,0.090416741,0.033678925,0,0,2580896.128,2580896,,
0.054185466,0,0,0,0.090416741,0.033678925,0,0,2580256.582,2580257,,
0.054185456,1.00E-08,0,0,0.090416741,0.033678925,0,0,5135138.913,5135139,,
0.054185456,0,1.00E-08,0,0.090416741,0.033678925,0,0,3734115.561,3734116,,
0.054185456,0,0,1.00E-08,0.090416741,0.033678925,0,0,4354668.918,4354669,,
0.054185456,0,0,0,0.090416751,0.033678925,0,0,2580896.161,2580896,,
0.054185456,0,0,0,0.090416741,0.033678935,0,0,2580896.113,2580896,,
0.054185456,0,0,0,0.090416741,0.033678925,1.00E-08,0,2703333.676,2703334,,
0.054185456,0,0,0,0.090416741,0.033678925,0,1.00E-08,2580894.922,2580895,,
0.054203173,0,0,0,0.090385002,0.03366396,0,0,2217129.119,2217129,,
0.054203183,0,0,0,0.090385002,0.03366396,0,0,2217129.183,2217129,,
0.054203173,1.00E-08,0,0,0.090385002,0.03366396,0,0,4771371.903,4771372,,
0.054203173,0,1.00E-08,0,0.090385002,0.03366396,0,0,3370348.552,3370349,,
0.054203173,0,0,1.00E-08,0.090385002,0.03366396,0,0,3990901.908,3990902,,
0.054203173,0,0,0,0.090385012,0.03366396,0,0,2217129.152,2217129,,
0.054203173,0,0,0,0.090385002,0.03366397,0,0,2217129.102,2217129,,
0.054203173,0,0,0,0.090385002,0.03366396,1.00E-08,0,2339699.833,2339700,,
0.054203173,0,0,0,0.090385002,0.03366396,0,1.00E-08,2217129.119,2217129,,
0.05419148,0,0,0,0.09040595,0.033673837,0,0,2297553.545,2297554,,
0.05419149,0,0,0,0.09040595,0.033673837,0,0,2297252.985,2297253,,
0.05419148,1.00E-08,0,0,0.09040595,0.033673837,0,0,4851796.33,4851796,,
0.05419148,0,1.00E-08,0,0.09040595,0.033673837,0,0,3450772.978,3450773,,
0.05419148,0,0,1.00E-08,0.09040595,0.033673837,0,0,4071326.335,4071326,,
0.05419148,0,0,0,0.09040596,0.033673837,0,0,2297553.578,2297554,,
0.05419148,0,0,0,0.09040595,0.033673847,0,0,2297553.529,2297554,,
0.05419148,0,0,0,0.09040595,0.033673837,1.00E-08,0,2420061.645,2420062,,
0.05419148,0,0,0,0.09040595,0.033673837,0,1.00E-08,2297552.978,2297553,,
0.054200918,0,0,0,0.09038904,0.033665864,0,0,2217124.688,2217125,,
0.054200928,0,0,0,0.09038904,0.033665864,0,0,2217124.752,2217125,,
0.054200918,1.00E-08,0,0,0.09038904,0.033665864,0,0,4771367.473,4771367,,
0.054200918,0,1.00E-08,0,0.09038904,0.033665864,0,0,3370344.121,3370344,,
0.054200918,0,0,1.00E-08,0.09038904,0.033665864,0,0,3990897.478,3990897,,
0.054200918,0,0,0,0.09038905,0.033665864,0,0,2217124.721,2217125,,
0.054200918,0,0,0,0.09038904,0.033665874,0,0,2217124.671,2217125,,
0.054200918,0,0,0,0.09038904,0.033665864,1.00E-08,0,2339695.402,2339695,,
0.054200918,0,0,0,0.09038904,0.033665864,0,1.00E-08,2217124.688,2217125,,
0.054194689,0,0,0,0.090400201,0.033671126,0,0,2229972.151,2229972,,
0.054194699,0,0,0,0.090400201,0.033671126,0,0,2229852.19,2229852,,
0.054194689,1.00E-08,0,0,0.090400201,0.033671126,0,0,4784214.935,4784215,,
0.054194689,0,1.00E-08,0,0.090400201,0.033671126,0,0,3383191.583,3383192,,
0.054194689,0,0,1.00E-08,0.090400201,0.033671126,0,0,4003744.94,4003745,,
0.054194689,0,0,0,0.090400211,0.033671126,0,0,2229972.183,2229972,,
0.054194689,0,0,0,0.090400201,0.033671136,0,0,2229972.134,2229972,,
0.054194689,0,0,0,0.090400201,0.033671126,1.00E-08,0,2352517.838,2352518,,
0.054194689,0,0,0,0.090400201,0.033671126,0,1.00E-08,2229971.924,2229972,,
0.054199384,0,0,0,0.090391789,0.03366716,0,0,2217121.673,2217122,,
0.054199394,0,0,0,0.090391789,0.03366716,0,0,2217121.737,2217122,,
0.054199384,1.00E-08,0,0,0.090391789,0.03366716,0,0,4771364.457,4771364,,
0.054199384,0,1.00E-08,0,0.090391789,0.03366716,0,0,3370341.105,3370341,,
0.054199384,0,0,1.00E-08,0.090391789,0.03366716,0,0,3990894.462,3990894,,
0.054199384,0,0,0,0.090391799,0.03366716,0,0,2217121.705,2217122,,
0.054199384,0,0,0,0.090391789,0.03366717,0,0,2217121.656,2217122,,
0.054199384,0,0,0,0.090391789,0.03366716,1.00E-08,0,2339692.387,2339692,,
0.054199384,0,0,0,0.090391789,0.03366716,0,1.00E-08,2217121.673,2217122,,
0.054196285,0,0,0,0.09039734,0.033669778,0,0,2217940.218,2217940,,
0.054196295,0,0,0,0.09039734,0.033669778,0,0,2217910.098,2217910,,
0.054196285,1.00E-08,0,0,0.09039734,0.033669778,0,0,4772183.002,4772183,,
0.054196285,0,1.00E-08,0,0.09039734,0.033669778,0,0,3371159.651,3371160,,
0.054196285,0,0,1.00E-08,0.09039734,0.033669778,0,0,3991713.007,3991713,,
0.054196285,0,0,0,0.09039735,0.033669778,0,0,2217940.251,2217940,,
0.054196285,0,0,0,0.09039734,0.033669788,0,0,2217940.201,2217940,,
0.054196285,0,0,0,0.09039734,0.033669778,1.00E-08,0,2340504.603,2340505,,
0.054196285,0,0,0,0.09039734,0.033669778,0,1.00E-08,2217940.161,2217940,,
0.054199384,0,0,0,0.090391789,0.03366716,0,0,2217121.673,2217122,,
0.054199394,0,0,0,0.090391789,0.03366716,0,0,2217121.737,2217122,,
0.054199384,1.00E-08,0,0,0.090391789,0.03366716,0,0,4771364.457,4771364,,
0.054199384,0,1.00E-08,0,0.090391789,0.03366716,0,0,3370341.105,3370341,,
0.054199384,0,0,1.00E-08,0.090391789,0.03366716,0,0,3990894.462,3990894,,
0.054199384,0,0,0,0.090391799,0.03366716,0,0,2217121.705,2217122,,
0.054199384,0,0,0,0.090391789,0.03366717,0,0,2217121.656,2217122,,
0.054199384,0,0,0,0.090391789,0.03366716,1.00E-08,0,2339692.387,2339692,,
0.054199384,0,0,0,0.090391789,0.03366716,0,1.00E-08,2217121.673,2217122,,
0.053884867,0,0,0,0.090952266,0.033931292,0,0,276049328.9,10000000,,
0.053884877,0,0,0,0.090952266,0.033931292,0,0,276031773.6,10000000,,
0.053884867,1.00E-08,0,0,0.090952266,0.033931292,0,0,278603571.7,10000000,,
0.053884867,0,1.00E-08,0,0.090952266,0.033931292,0,0,277202548.4,10000000,,
0.053884867,0,0,1.00E-08,0.090952266,0.033931292,0,0,277823101.7,10000000,,
0.053884867,0,0,0,0.090952276,0.033931292,0,0,276049329,10000000,,
0.053884867,0,0,0,0.090952266,0.033931302,0,0,276049328.9,10000000,,
0.053884867,0,0,0,0.090952266,0.033931292,1.00E-08,0,276168245.9,10000000,,
0.053884867,0,0,0,0.090952266,0.033931292,0,1.00E-08,276049295.9,10000000,,
0.054199384,0,0,0,0.090391789,0.03366716,0,0,2217121.672,2217122,,
0.054199394,0,0,0,0.090391789,0.03366716,0,0,2217121.736,2217122,,
0.054199384,1.00E-08,0,0,0.090391789,0.03366716,0,0,4771364.457,4771364,,
0.054199384,0,1.00E-08,0,0.090391789,0.03366716,0,0,3370341.105,3370341,,
0.054199384,0,0,1.00E-08,0.090391789,0.03366716,0,0,3990894.462,3990894,,
0.054199384,0,0,0,0.090391799,0.03366716,0,0,2217121.705,2217122,,
0.054199384,0,0,0,0.090391789,0.03366717,0,0,2217121.655,2217122,,
0.054199384,0,0,0,0.090391789,0.03366716,1.00E-08,0,2339692.386,2339692,,
0.054199384,0,0,0,0.090391789,0.03366716,0,1.00E-08,2217121.672,2217122,,
0.054199378,0,0,0,0.090391799,0.033667165,0,0,2217121.661,2217122,,
0.054199388,0,0,0,0.090391799,0.033667165,0,0,2217121.725,2217122,,
0.054199378,1.00E-08,0,0,0.090391799,0.033667165,0,0,4771364.446,4771364,,
0.054199378,0,1.00E-08,0,0.090391799,0.033667165,0,0,3370341.094,3370341,,
0.054199378,0,0,1.00E-08,0.090391799,0.033667165,0,0,3990894.451,3990894,,
0.054199378,0,0,0,0.090391809,0.033667165,0,0,2217121.694,2217122,,
0.054199378,0,0,0,0.090391799,0.033667175,0,0,2217121.644,2217122,,
0.054199378,0,0,0,0.090391799,0.033667165,1.00E-08,0,2339692.375,2339692,,
0.054199378,0,0,0,0.090391799,0.033667165,0,1.00E-08,2217121.661,2217122,,
0.054042123,0,0,0,0.090672032,0.033799228,0,0,69559643.49,10000000,,
0.054042133,0,0,0,0.090672032,0.033799228,0,0,69550937.8,10000000,,
0.054042123,1.00E-08,0,0,0.090672032,0.033799228,0,0,72113886.27,10000000,,
0.054042123,0,1.00E-08,0,0.090672032,0.033799228,0,0,70712862.92,10000000,,
0.054042123,0,0,1.00E-08,0.090672032,0.033799228,0,0,71333416.28,10000000,,
0.054042123,0,0,0,0.090672042,0.033799228,0,0,69559643.52,10000000,,
0.054042123,0,0,0,0.090672032,0.033799238,0,0,69559643.47,10000000,,
0.054042123,0,0,0,0.090672032,0.033799228,1.00E-08,0,69680402.27,10000000,,
0.054042123,0,0,0,0.090672032,0.033799228,0,1.00E-08,69559627.07,10000000,,
0.054199378,0,0,0,0.0903918,0.033667165,0,0,2217121.66,2217122,,
0.054199388,0,0,0,0.0903918,0.033667165,0,0,2217121.724,2217122,,
0.054199378,1.00E-08,0,0,0.0903918,0.033667165,0,0,4771364.445,4771364,,
0.054199378,0,1.00E-08,0,0.0903918,0.033667165,0,0,3370341.093,3370341,,
0.054199378,0,0,1.00E-08,0.0903918,0.033667165,0,0,3990894.45,3990894,,
0.054199378,0,0,0,0.09039181,0.033667165,0,0,2217121.693,2217122,,
0.054199378,0,0,0,0.0903918,0.033667175,0,0,2217121.644,2217122,,
0.054199378,0,0,0,0.0903918,0.033667165,1.00E-08,0,2339692.374,2339692,,
0.054199378,0,0,0,0.0903918,0.033667165,0,1.00E-08,2217121.66,2217122,,
0.054199372,0,0,0,0.09039181,0.03366717,0,0,2217121.649,2217122,,
0.054199382,0,0,0,0.09039181,0.03366717,0,0,2217121.713,2217122,,
0.054199372,1.00E-08,0,0,0.09039181,0.03366717,0,0,4771364.434,4771364,,
0.054199372,0,1.00E-08,0,0.09039181,0.03366717,0,0,3370341.082,3370341,,
0.054199372,0,0,1.00E-08,0.09039181,0.03366717,0,0,3990894.439,3990894,,
0.054199372,0,0,0,0.09039182,0.03366717,0,0,2217121.682,2217122,,
0.054199372,0,0,0,0.09039181,0.03366718,0,0,2217121.632,2217122,,
0.054199372,0,0,0,0.09039181,0.03366717,1.00E-08,0,2339692.363,2339692,,
0.054199372,0,0,0,0.09039181,0.03366717,0,1.00E-08,2217121.649,2217122,,
0.054120748,0,0,0,0.090531921,0.033733199,0,0,18503144.76,10000000,,
0.054120758,0,0,0,0.090531921,0.033733199,0,0,18498863.71,10000000,,
0.054120748,1.00E-08,0,0,0.090531921,0.033733199,0,0,21057387.54,10000000,,
0.054120748,0,1.00E-08,0,0.090531921,0.033733199,0,0,19656364.19,10000000,,
0.054120748,0,0,1.00E-08,0.090531921,0.033733199,0,0,20276917.55,10000000,,
0.054120748,0,0,0,0.090531931,0.033733199,0,0,18503144.79,10000000,,
0.054120748,0,0,0,0.090531921,0.033733209,0,0,18503144.74,10000000,,
0.054120748,0,0,0,0.090531921,0.033733199,1.00E-08,0,18624824.42,10000000,,
0.054120748,0,0,0,0.090531921,0.033733199,0,1.00E-08,18503136.68,10000000,,
0.054199372,0,0,0,0.090391811,0.03366717,0,0,2217121.648,2217122,,
0.054199382,0,0,0,0.090391811,0.03366717,0,0,2217121.712,2217122,,
0.054199372,1.00E-08,0,0,0.090391811,0.03366717,0,0,4771364.433,4771364,,
0.054199372,0,1.00E-08,0,0.090391811,0.03366717,0,0,3370341.081,3370341,,
0.054199372,0,0,1.00E-08,0.090391811,0.03366717,0,0,3990894.438,3990894,,
0.054199372,0,0,0,0.090391821,0.03366717,0,0,2217121.681,2217122,,
0.054199372,0,0,0,0.090391811,0.03366718,0,0,2217121.632,2217122,,
0.054199372,0,0,0,0.090391811,0.03366717,1.00E-08,0,2339692.362,2339692,,
0.054199372,0,0,0,0.090391811,0.03366717,0,1.00E-08,2217121.648,2217122,,
0.054199366,0,0,0,0.090391821,0.033667175,0,0,2217121.637,2217122,,
0.054199376,0,0,0,0.090391821,0.033667175,0,0,2217121.701,2217122,,
0.054199366,1.00E-08,0,0,0.090391821,0.033667175,0,0,4771364.421,4771364,,
0.054199366,0,1.00E-08,0,0.090391821,0.033667175,0,0,3370341.069,3370341,,
0.054199366,0,0,1.00E-08,0.090391821,0.033667175,0,0,3990894.426,3990894,,
0.054199366,0,0,0,0.090391831,0.033667175,0,0,2217121.669,2217122,,
0.054199366,0,0,0,0.090391821,0.033667185,0,0,2217121.62,2217122,,
0.054199366,0,0,0,0.090391821,0.033667175,1.00E-08,0,2339692.351,2339692,,
0.054199366,0,0,0,0.090391821,0.033667175,0,1.00E-08,2217121.637,2217122,,
0.054160057,0,0,0,0.090461871,0.033700187,0,0,6021317.347,6021317,,
0.054160067,0,0,0,0.090461871,0.033700187,0,0,6019248.453,6019248,,
0.054160057,1.00E-08,0,0,0.090461871,0.033700187,0,0,8575560.131,8575560,,
0.054160057,0,1.00E-08,0,0.090461871,0.033700187,0,0,7174536.779,7174537,,
0.054160057,0,0,1.00E-08,0.090461871,0.033700187,0,0,7795090.136,7795090,,
0.054160057,0,0,0,0.090461881,0.033700187,0,0,6021317.379,6021317,,
0.054160057,0,0,0,0.090461871,0.033700197,0,0,6021317.33,6021317,,
0.054160057,0,0,0,0.090461871,0.033700187,1.00E-08,0,6143457.412,6143457,,
0.054160057,0,0,0,0.090461871,0.033700187,0,1.00E-08,6021313.446,6021313,,
0.054199366,0,0,0,0.090391822,0.033667176,0,0,2217121.636,2217122,,
0.054199376,0,0,0,0.090391822,0.033667176,0,0,2217121.7,2217122,,
0.054199366,1.00E-08,0,0,0.090391822,0.033667176,0,0,4771364.42,4771364,,
0.054199366,0,1.00E-08,0,0.090391822,0.033667176,0,0,3370341.068,3370341,,
0.054199366,0,0,1.00E-08,0.090391822,0.033667176,0,0,3990894.425,3990894,,
0.054199366,0,0,0,0.090391832,0.033667176,0,0,2217121.668,2217122,,
0.054199366,0,0,0,0.090391822,0.033667186,0,0,2217121.619,2217122,,
0.054199366,0,0,0,0.090391822,0.033667176,1.00E-08,0,2339692.35,2339692,,
0.054199366,0,0,0,0.090391822,0.033667176,0,1.00E-08,2217121.636,2217122,,
0.054199365,0,0,0,0.090391823,0.033667176,0,0,2217121.635,2217122,,
0.054199375,0,0,0,0.090391823,0.033667176,0,0,2217121.699,2217122,,
0.054199365,1.00E-08,0,0,0.090391823,0.033667176,0,0,4771364.419,4771364,,
0.054199365,0,1.00E-08,0,0.090391823,0.033667176,0,0,3370341.067,3370341,,
0.054199365,0,0,1.00E-08,0.090391823,0.033667176,0,0,3990894.424,3990894,,
0.054199365,0,0,0,0.090391833,0.033667176,0,0,2217121.667,2217122,,
0.054199365,0,0,0,0.090391823,0.033667186,0,0,2217121.618,2217122,,
0.054199365,0,0,0,0.090391823,0.033667176,1.00E-08,0,2339692.349,2339692,,
0.054199365,0,0,0,0.090391823,0.033667176,0,1.00E-08,2217121.635,2217122,,
0.054179711,0,0,0,0.090426847,0.033683682,0,0,3041363.521,3041364,,
0.054179721,0,0,0,0.090426847,0.033683682,0,0,3040400.675,3040401,,
0.054179711,1.00E-08,0,0,0.090426847,0.033683682,0,0,5595606.305,5595606,,
0.054179711,0,1.00E-08,0,0.090426847,0.033683682,0,0,4194582.953,4194583,,
0.054179711,0,0,1.00E-08,0.090426847,0.033683682,0,0,4815136.31,4815136,,
0.054179711,0,0,0,0.090426857,0.033683682,0,0,3041363.553,3041364,,
0.054179711,0,0,0,0.090426847,0.033683692,0,0,3041363.504,3041364,,
0.054179711,0,0,0,0.090426847,0.033683682,1.00E-08,0,3163733.782,3163734,,
0.054179711,0,0,0,0.090426847,0.033683682,0,1.00E-08,3041361.705,3041362,,
0.054199364,0,0,0,0.090391824,0.033667176,0,0,2217121.634,2217122,,
0.054199374,0,0,0,0.090391824,0.033667176,0,0,2217121.698,2217122,,
0.054199364,1.00E-08,0,0,0.090391824,0.033667176,0,0,4771364.418,4771364,,
0.054199364,0,1.00E-08,0,0.090391824,0.033667176,0,0,3370341.066,3370341,,
0.054199364,0,0,1.00E-08,0.090391824,0.033667176,0,0,3990894.423,3990894,,
0.054199364,0,0,0,0.090391834,0.033667176,0,0,2217121.666,2217122,,
0.054199364,0,0,0,0.090391824,0.033667186,0,0,2217121.617,2217122,,
0.054199364,0,0,0,0.090391824,0.033667176,1.00E-08,0,2339692.348,2339692,,
0.054199364,0,0,0,0.090391824,0.033667176,0,1.00E-08,2217121.634,2217122,,
0.054199356,0,0,0,0.090391839,0.033667184,0,0,2217121.617,2217122,,
0.054199366,0,0,0,0.090391839,0.033667184,0,0,2217121.681,2217122,,
0.054199356,1.00E-08,0,0,0.090391839,0.033667184,0,0,4771364.401,4771364,,
0.054199356,0,1.00E-08,0,0.090391839,0.033667184,0,0,3370341.049,3370341,,
0.054199356,0,0,1.00E-08,0.090391839,0.033667184,0,0,3990894.406,3990894,,
0.054199356,0,0,0,0.090391849,0.033667184,0,0,2217121.649,2217122,,
0.054199356,0,0,0,0.090391839,0.033667194,0,0,2217121.6,2217122,,
0.054199356,0,0,0,0.090391839,0.033667184,1.00E-08,0,2339692.331,2339692,,
0.054199356,0,0,0,0.090391839,0.033667184,0,1.00E-08,2217121.617,2217122,,
0.054189533,0,0,0,0.090409343,0.033675433,0,0,2366765.597,2366766,,
0.054189543,0,0,0,0.090409343,0.033675433,0,0,2366355.518,2366356,,
0.054189533,1.00E-08,0,0,0.090409343,0.033675433,0,0,4921008.381,4921008,,
0.054189533,0,1.00E-08,0,0.090409343,0.033675433,0,0,3519985.03,3519985,,
0.054189533,0,0,1.00E-08,0.090409343,0.033675433,0,0,4140538.386,4140538,,
0.054189533,0,0,0,0.090409353,0.033675433,0,0,2366765.63,2366766,,
0.054189533,0,0,0,0.090409343,0.033675443,0,0,2366765.58,2366766,,
0.054189533,0,0,0,0.090409343,0.033675433,1.00E-08,0,2489250.904,2489251,,
0.054189533,0,0,0,0.090409343,0.033675433,0,1.00E-08,2366764.823,2366765,,
0.054199355,0,0,0,0.090391841,0.033667185,0,0,2217121.614,2217122,,
0.054199365,0,0,0,0.090391841,0.033667185,0,0,2217121.678,2217122,,
0.054199355,1.00E-08,0,0,0.090391841,0.033667185,0,0,4771364.398,4771364,,
0.054199355,0,1.00E-08,0,0.090391841,0.033667185,0,0,3370341.047,3370341,,
0.054199355,0,0,1.00E-08,0.090391841,0.033667185,0,0,3990894.403,3990894,,
0.054199355,0,0,0,0.090391851,0.033667185,0,0,2217121.647,2217122,,
0.054199355,0,0,0,0.090391841,0.033667195,0,0,2217121.597,2217122,,
0.054199355,0,0,0,0.090391841,0.033667185,1.00E-08,0,2339692.328,2339692,,
0.054199355,0,0,0,0.090391841,0.033667185,0,1.00E-08,2217121.614,2217122,,
0.054199352,0,0,0,0.090391845,0.033667187,0,0,2217121.61,2217122,,
0.054199362,0,0,0,0.090391845,0.033667187,0,0,2217121.674,2217122,,
0.054199352,1.00E-08,0,0,0.090391845,0.033667187,0,0,4771364.394,4771364,,
0.054199352,0,1.00E-08,0,0.090391845,0.033667187,0,0,3370341.042,3370341,,
0.054199352,0,0,1.00E-08,0.090391845,0.033667187,0,0,3990894.399,3990894,,
0.054199352,0,0,0,0.090391855,0.033667187,0,0,2217121.642,2217122,,
0.054199352,0,0,0,0.090391845,0.033667197,0,0,2217121.593,2217122,,
0.054199352,0,0,0,0.090391845,0.033667187,1.00E-08,0,2339692.324,2339692,,
0.054199352,0,0,0,0.090391845,0.033667187,0,1.00E-08,2217121.61,2217122,,
0.054194443,0,0,0,0.090400594,0.03367131,0,0,2233098.148,2233098,,
0.054194453,0,0,0,0.090400594,0.03367131,0,0,2232964.357,2232964,,
0.054194443,1.00E-08,0,0,0.090400594,0.03367131,0,0,4787340.933,4787341,,
0.054194443,0,1.00E-08,0,0.090400594,0.03367131,0,0,3386317.581,3386318,,
0.054194443,0,0,1.00E-08,0.090400594,0.03367131,0,0,4006870.938,4006871,,
0.054194443,0,0,0,0.090400604,0.03367131,0,0,2233098.181,2233098,,
0.054194443,0,0,0,0.090400594,0.03367132,0,0,2233098.132,2233098,,
0.054194443,0,0,0,0.090400594,0.03367131,1.00E-08,0,2355640.957,2355641,,
0.054194443,0,0,0,0.090400594,0.03367131,0,1.00E-08,2233097.895,2233098,,
0.05419849,0,0,0,0.090393382,0.033667911,0,0,2217119.895,2217120,,
0.0541985,0,0,0,0.090393382,0.033667911,0,0,2217119.959,2217120,,
0.05419849,1.00E-08,0,0,0.090393382,0.033667911,0,0,4771362.679,4771363,,
0.05419849,0,1.00E-08,0,0.090393382,0.033667911,0,0,3370339.327,3370339,,
0.05419849,0,0,1.00E-08,0.090393382,0.033667911,0,0,3990892.684,3990893,,
0.05419849,0,0,0,0.090393392,0.033667911,0,0,2217119.927,2217120,,
0.05419849,0,0,0,0.090393382,0.033667921,0,0,2217119.878,2217120,,
0.05419849,0,0,0,0.090393382,0.033667911,1.00E-08,0,2339690.609,2339691,,
0.05419849,0,0,0,0.090393382,0.033667911,0,1.00E-08,2217119.895,2217120,,
0,0,0,0,0,0.0792,0,0,8.29456E+12,10000000,,
1.00E-08,0,0,0,0,0.0792,0,0,8.29456E+12,10000000,,
0,1.00E-08,0,0,0,0.0792,0,0,8.29456E+12,10000000,,
0,0,1.00E-08,0,0,0.0792,0,0,8.29456E+12,10000000,,
0,0,0,1.00E-08,0,0.0792,0,0,8.29456E+12,10000000,,
0,0,0,0,1.00E-08,0.0792,0,0,8.29456E+12,10000000,,
0,0,0,0,0,0.07919999,0,0,8.29456E+12,10000000,,
0,0,0,0,0,0.0792,1.00E-08,0,8.29456E+12,10000000,,
0,0,0,0,0,0.0792,0,1.00E-08,8.29456E+12,10000000,,
0.054199383,0,0,0,0.090391786,0.033667161,0,0,2217121.652,2217122,,
0.054199393,0,0,0,0.090391786,0.033667161,0,0,2217121.716,2217122,,
0.054199383,1.00E-08,0,0,0.090391786,0.033667161,0,0,4771364.437,4771364,,
0.054199383,0,1.00E-08,0,0.090391786,0.033667161,0,0,3370341.085,3370341,,
0.054199383,0,0,1.00E-08,0.090391786,0.033667161,0,0,3990894.442,3990894,,
0.054199383,0,0,0,0.090391796,0.033667161,0,0,2217121.685,2217122,,
0.054199383,0,0,0,0.090391786,0.033667171,0,0,2217121.636,2217122,,
0.054199383,0,0,0,0.090391786,0.033667161,1.00E-08,0,2339692.366,2339692,,
0.054199383,0,0,0,0.090391786,0.033667161,0,1.00E-08,2217121.652,2217122,,
0.027099691,0,0,0,0.045195893,0.056433581,0,0,2.07345E+12,10000000,,
0.027099701,0,0,0,0.045195893,0.056433581,0,0,2.07344E+12,10000000,,
0.027099691,1.00E-08,0,0,0.045195893,0.056433581,0,0,2.07345E+12,10000000,,
0.027099691,0,1.00E-08,0,0.045195893,0.056433581,0,0,2.07345E+12,10000000,,
0.027099691,0,0,1.00E-08,0.045195893,0.056433581,0,0,2.07345E+12,10000000,,
0.027099691,0,0,0,0.045195903,0.056433581,0,0,2.07345E+12,10000000,,
0.027099691,0,0,0,0.045195893,0.056433591,0,0,2.07345E+12,10000000,,
0.027099691,0,0,0,0.045195893,0.056433581,1.00E-08,0,2.07345E+12,10000000,,
0.027099691,0,0,0,0.045195893,0.056433581,0,1.00E-08,2.07345E+12,10000000,,
0.05419938,0,0,0,0.090391782,0.033667163,0,0,2217121.621,2217122,,
0.05419939,0,0,0,0.090391782,0.033667163,0,0,2217121.685,2217122,,
0.05419938,1.00E-08,0,0,0.090391782,0.033667163,0,0,4771364.406,4771364,,
0.05419938,0,1.00E-08,0,0.090391782,0.033667163,0,0,3370341.054,3370341,,
0.05419938,0,0,1.00E-08,0.090391782,0.033667163,0,0,3990894.411,3990894,,
0.05419938,0,0,0,0.090391792,0.033667163,0,0,2217121.654,2217122,,
0.05419938,0,0,0,0.090391782,0.033667173,0,0,2217121.605,2217122,,
0.05419938,0,0,0,0.090391782,0.033667163,1.00E-08,0,2339692.335,2339692,,
0.05419938,0,0,0,0.090391782,0.033667163,0,1.00E-08,2217121.621,2217122,,
0.054199378,0,0,0,0.090391778,0.033667165,0,0,2217121.59,2217122,,
0.054199388,0,0,0,0.090391778,0.033667165,0,0,2217121.654,2217122,,
0.054199378,1.00E-08,0,0,0.090391778,0.033667165,0,0,4771364.375,4771364,,
0.054199378,0,1.00E-08,0,0.090391778,0.033667165,0,0,3370341.023,3370341,,
0.054199378,0,0,1.00E-08,0.090391778,0.033667165,0,0,3990894.38,3990894,,
0.054199378,0,0,0,0.090391788,0.033667165,0,0,2217121.623,2217122,,
0.054199378,0,0,0,0.090391778,0.033667175,0,0,2217121.573,2217122,,
0.054199378,0,0,0,0.090391778,0.033667165,1.00E-08,0,2339692.304,2339692,,
0.054199378,0,0,0,0.090391778,0.033667165,0,1.00E-08,2217121.59,2217122,,
0.040649535,0,0,0,0.067793836,0.045050373,0,0,5.18265E+11,10000000,,
0.040649545,0,0,0,0.067793836,0.045050373,0,0,5.18265E+11,10000000,,
0.040649535,1.00E-08,0,0,0.067793836,0.045050373,0,0,5.18268E+11,10000000,,
0.040649535,0,1.00E-08,0,0.067793836,0.045050373,0,0,5.18266E+11,10000000,,
0.040649535,0,0,1.00E-08,0.067793836,0.045050373,0,0,5.18267E+11,10000000,,
0.040649535,0,0,0,0.067793846,0.045050373,0,0,5.18265E+11,10000000,,
0.040649535,0,0,0,0.067793836,0.045050383,0,0,5.18265E+11,10000000,,
0.040649535,0,0,0,0.067793836,0.045050373,1.00E-08,0,5.18265E+11,10000000,,
0.040649535,0,0,0,0.067793836,0.045050373,0,1.00E-08,5.18265E+11,10000000,,
0.054199376,0,0,0,0.090391774,0.033667167,0,0,2217121.559,2217122,,
0.054199386,0,0,0,0.090391774,0.033667167,0,0,2217121.623,2217122,,
0.054199376,1.00E-08,0,0,0.090391774,0.033667167,0,0,4771364.344,4771364,,
0.054199376,0,1.00E-08,0,0.090391774,0.033667167,0,0,3370340.992,3370341,,
0.054199376,0,0,1.00E-08,0.090391774,0.033667167,0,0,3990894.349,3990894,,
0.054199376,0,0,0,0.090391784,0.033667167,0,0,2217121.592,2217122,,
0.054199376,0,0,0,0.090391774,0.033667177,0,0,2217121.542,2217122,,
0.054199376,0,0,0,0.090391774,0.033667167,1.00E-08,0,2339692.273,2339692,,
0.054199376,0,0,0,0.090391774,0.033667167,0,1.00E-08,2217121.559,2217122,,
0.054199282,0,0,0,0.090391618,0.033667246,0,0,2217120.316,2217120,,
0.054199292,0,0,0,0.090391618,0.033667246,0,0,2217120.38,2217120,,
0.054199282,1.00E-08,0,0,0.090391618,0.033667246,0,0,4771363.1,4771363,,
0.054199282,0,1.00E-08,0,0.090391618,0.033667246,0,0,3370339.748,3370340,,
0.054199282,0,0,1.00E-08,0.090391618,0.033667246,0,0,3990893.105,3990893,,
0.054199282,0,0,0,0.090391628,0.033667246,0,0,2217120.348,2217120,,
0.054199282,0,0,0,0.090391618,0.033667256,0,0,2217120.299,2217120,,
0.054199282,0,0,0,0.090391618,0.033667246,1.00E-08,0,2339691.03,2339691,,
0.054199282,0,0,0,0.090391618,0.033667246,0,1.00E-08,2217120.316,2217120,,
0.047424408,0,0,0,0.079092727,0.039358809,0,0,1.29521E+11,10000000,,
0.047424418,0,0,0,0.079092727,0.039358809,0,0,1.29521E+11,10000000,,
0.047424408,1.00E-08,0,0,0.079092727,0.039358809,0,0,1.29524E+11,10000000,,
0.047424408,0,1.00E-08,0,0.079092727,0.039358809,0,0,1.29522E+11,10000000,,
0.047424408,0,0,1.00E-08,0.079092727,0.039358809,0,0,1.29523E+11,10000000,,
0.047424408,0,0,0,0.079092737,0.039358809,0,0,1.29521E+11,10000000,,
0.047424408,0,0,0,0.079092727,0.039358819,0,0,1.29521E+11,10000000,,
0.047424408,0,0,0,0.079092727,0.039358809,1.00E-08,0,1.29521E+11,10000000,,
0.047424408,0,0,0,0.079092727,0.039358809,0,1.00E-08,1.29521E+11,10000000,,
0.054199279,0,0,0,0.090391614,0.033667248,0,0,2217120.285,2217120,,
0.054199289,0,0,0,0.090391614,0.033667248,0,0,2217120.349,2217120,,
0.054199279,1.00E-08,0,0,0.090391614,0.033667248,0,0,4771363.069,4771363,,
0.054199279,0,1.00E-08,0,0.090391614,0.033667248,0,0,3370339.717,3370340,,
0.054199279,0,0,1.00E-08,0.090391614,0.033667248,0,0,3990893.074,3990893,,
0.054199279,0,0,0,0.090391624,0.033667248,0,0,2217120.317,2217120,,
0.054199279,0,0,0,0.090391614,0.033667258,0,0,2217120.268,2217120,,
0.054199279,0,0,0,0.090391614,0.033667248,1.00E-08,0,2339690.999,2339691,,
0.054199279,0,0,0,0.090391614,0.033667248,0,1.00E-08,2217120.285,2217120,,
0.054199185,0,0,0,0.090391457,0.033667327,0,0,2217119.041,2217119,,
0.054199195,0,0,0,0.090391457,0.033667327,0,0,2217119.105,2217119,,
0.054199185,1.00E-08,0,0,0.090391457,0.033667327,0,0,4771361.825,4771362,,
0.054199185,0,1.00E-08,0,0.090391457,0.033667327,0,0,3370338.473,3370338,,
0.054199185,0,0,1.00E-08,0.090391457,0.033667327,0,0,3990891.83,3990892,,
0.054199185,0,0,0,0.090391467,0.033667327,0,0,2217119.073,2217119,,
0.054199185,0,0,0,0.090391457,0.033667337,0,0,2217119.024,2217119,,
0.054199185,0,0,0,0.090391457,0.033667327,1.00E-08,0,2339689.755,2339690,,
0.054199185,0,0,0,0.090391457,0.033667327,0,1.00E-08,2217119.041,2217119,,
0.050811797,0,0,0,0.084742092,0.036513068,0,0,32359329965,10000000,,
0.050811807,0,0,0,0.084742092,0.036513068,0,0,32359139146,10000000,,
0.050811797,1.00E-08,0,0,0.084742092,0.036513068,0,0,32361883993,10000000,,
0.050811797,0,1.00E-08,0,0.084742092,0.036513068,0,0,32360482970,10000000,,
0.050811797,0,0,1.00E-08,0.084742092,0.036513068,0,0,32361103738,10000000,,
0.050811797,0,0,0,0.084742102,0.036513068,0,0,32359329750,10000000,,
0.050811797,0,0,0,0.084742092,0.036513078,0,0,32359329965,10000000,,
0.050811797,0,0,0,0.084742092,0.036513068,1.00E-08,0,32359412674,10000000,,
0.050811797,0,0,0,0.084742092,0.036513068,0,1.00E-08,32359329606,10000000,,
0.054199183,0,0,0,0.090391453,0.033667329,0,0,2217119.01,2217119,,
0.054199193,0,0,0,0.090391453,0.033667329,0,0,2217119.074,2217119,,
0.054199183,1.00E-08,0,0,0.090391453,0.033667329,0,0,4771361.794,4771362,,
0.054199183,0,1.00E-08,0,0.090391453,0.033667329,0,0,3370338.442,3370338,,
0.054199183,0,0,1.00E-08,0.090391453,0.033667329,0,0,3990891.799,3990892,,
0.054199183,0,0,0,0.090391463,0.033667329,0,0,2217119.042,2217119,,
0.054199183,0,0,0,0.090391453,0.033667339,0,0,2217118.993,2217119,,
0.054199183,0,0,0,0.090391453,0.033667329,1.00E-08,0,2339689.724,2339690,,
0.054199183,0,0,0,0.090391453,0.033667329,0,1.00E-08,2217119.01,2217119,,
0.054199089,0,0,0,0.090391296,0.033667408,0,0,2217117.764,2217118,,
0.054199099,0,0,0,0.090391296,0.033667408,0,0,2217117.828,2217118,,
0.054199089,1.00E-08,0,0,0.090391296,0.033667408,0,0,4771360.549,4771361,,
0.054199089,0,1.00E-08,0,0.090391296,0.033667408,0,0,3370337.197,3370337,,
0.054199089,0,0,1.00E-08,0.090391296,0.033667408,0,0,3990890.554,3990891,,
0.054199089,0,0,0,0.090391306,0.033667408,0,0,2217117.797,2217118,,
0.054199089,0,0,0,0.090391296,0.033667418,0,0,2217117.748,2217118,,
0.054199089,0,0,0,0.090391296,0.033667408,1.00E-08,0,2339688.478,2339688,,
0.054199089,0,0,0,0.090391296,0.033667408,0,1.00E-08,2217117.764,2217118,,
0.052505443,0,0,0,0.087566694,0.035090238,0,0,8080672641,10000000,,
0.052505453,0,0,0,0.087566694,0.035090238,0,0,8080577295,10000000,,
0.052505443,1.00E-08,0,0,0.087566694,0.035090238,0,0,8083226776,10000000,,
0.052505443,0,1.00E-08,0,0.087566694,0.035090238,0,0,8081825753,10000000,,
0.052505443,0,0,1.00E-08,0.087566694,0.035090238,0,0,8082446414,10000000,,
0.052505443,0,0,0,0.087566704,0.035090238,0,0,8080672533,10000000,,
0.052505443,0,0,0,0.087566694,0.035090248,0,0,8080672641,10000000,,
0.052505443,0,0,0,0.087566694,0.035090238,1.00E-08,0,8080775294,10000000,,
0.052505443,0,0,0,0.087566694,0.035090238,0,1.00E-08,8080672461,10000000,,
0.054199087,0,0,0,0.090391293,0.03366741,0,0,2217117.733,2217118,,
0.054199097,0,0,0,0.090391293,0.03366741,0,0,2217117.797,2217118,,
0.054199087,1.00E-08,0,0,0.090391293,0.03366741,0,0,4771360.518,4771361,,
0.054199087,0,1.00E-08,0,0.090391293,0.03366741,0,0,3370337.166,3370337,,
0.054199087,0,0,1.00E-08,0.090391293,0.03366741,0,0,3990890.523,3990891,,
0.054199087,0,0,0,0.090391303,0.03366741,0,0,2217117.766,2217118,,
0.054199087,0,0,0,0.090391293,0.03366742,0,0,2217117.716,2217118,,
0.054199087,0,0,0,0.090391293,0.03366741,1.00E-08,0,2339688.447,2339688,,
0.054199087,0,0,0,0.090391293,0.03366741,0,1.00E-08,2217117.733,2217118,,
0.054198993,0,0,0,0.090391135,0.033667489,0,0,2217116.486,2217116,,
0.054199003,0,0,0,0.090391135,0.033667489,0,0,2217116.549,2217117,,
0.054198993,1.00E-08,0,0,0.090391135,0.033667489,0,0,4771359.27,4771359,,
0.054198993,0,1.00E-08,0,0.090391135,0.033667489,0,0,3370335.918,3370336,,
0.054198993,0,0,1.00E-08,0.090391135,0.033667489,0,0,3990889.275,3990889,,
0.054198993,0,0,0,0.090391145,0.033667489,0,0,2217116.518,2217117,,
0.054198993,0,0,0,0.090391135,0.033667499,0,0,2217116.469,2217116,,
0.054198993,0,0,0,0.090391135,0.033667489,1.00E-08,0,2339687.199,2339687,,
0.054198993,0,0,0,0.090391135,0.033667489,0,1.00E-08,2217116.486,2217116,,
0.053352218,0,0,0,0.088978915,0.034378863,0,0,2016655368,10000000,,
0.053352228,0,0,0,0.088978915,0.034378863,0,0,2016607756,10000000,,
0.053352218,1.00E-08,0,0,0.088978915,0.034378863,0,0,2019209557,10000000,,
0.053352218,0,1.00E-08,0,0.088978915,0.034378863,0,0,2017808534,10000000,,
0.053352218,0,0,1.00E-08,0.088978915,0.034378863,0,0,2018429141,10000000,,
0.053352218,0,0,0,0.088978925,0.034378863,0,0,2016655314,10000000,,
0.053352218,0,0,0,0.088978915,0.034378873,0,0,2016655368,10000000,,
0.053352218,0,0,0,0.088978915,0.034378863,1.00E-08,0,2016767993,10000000,,
0.053352218,0,0,0,0.088978915,0.034378863,0,1.00E-08,2016655278,10000000,,
0.05419899,0,0,0,0.090391132,0.033667491,0,0,2217116.454,2217116,,
0.054199,0,0,0,0.090391132,0.033667491,0,0,2217116.518,2217117,,
0.05419899,1.00E-08,0,0,0.090391132,0.033667491,0,0,4771359.239,4771359,,
0.05419899,0,1.00E-08,0,0.090391132,0.033667491,0,0,3370335.887,3370336,,
0.05419899,0,0,1.00E-08,0.090391132,0.033667491,0,0,3990889.244,3990889,,
0.05419899,0,0,0,0.090391142,0.033667491,0,0,2217116.487,2217116,,
0.05419899,0,0,0,0.090391132,0.033667501,0,0,2217116.437,2217116,,
0.05419899,0,0,0,0.090391132,0.033667491,1.00E-08,0,2339687.168,2339687,,
0.05419899,0,0,0,0.090391132,0.033667491,0,1.00E-08,2217116.454,2217116,,
0.054198988,0,0,0,0.090391128,0.033667493,0,0,2217116.423,2217116,,
0.054198998,0,0,0,0.090391128,0.033667493,0,0,2217116.487,2217116,,
0.054198988,1.00E-08,0,0,0.090391128,0.033667493,0,0,4771359.207,4771359,,
0.054198988,0,1.00E-08,0,0.090391128,0.033667493,0,0,3370335.855,3370336,,
0.054198988,0,0,1.00E-08,0.090391128,0.033667493,0,0,3990889.212,3990889,,
0.054198988,0,0,0,0.090391138,0.033667493,0,0,2217116.455,2217116,,
0.054198988,0,0,0,0.090391128,0.033667503,0,0,2217116.406,2217116,,
0.054198988,0,0,0,0.090391128,0.033667493,1.00E-08,0,2339687.137,2339687,,
0.054198988,0,0,0,0.090391128,0.033667493,0,1.00E-08,2217116.423,2217116,,
0.105967225,0.02330573,0.017702831,0.352963713,0.132851309,0.029436008,0.082848219,10.43573022,8829953.966,8829954,,
0.033971977,0.025386143,0.054803137,0.131629243,0.001970838,0.077693482,0.021529812,13.69731387,304920559.1,10000000,,
0.112452611,0.123592109,0.124708816,0.204677881,0.104874758,0.073440889,0.083414163,23.40756396,9604188.017,9604188,,
0.013458513,0.058411905,0.1434955,0.335117423,0.167405188,0.009947479,0.163365234,6.295857397,244370882.7,10000000,,
0.062540124,0.072879116,0.060567516,0.161339574,0.028537968,0.004345861,0.111494052,16.71251001,11109839.54,10000000,,
0.025412737,0.106316496,0.056461541,0.261909013,0.048594002,0.016951654,0.06209485,2.554995917,3.43258E+11,10000000,,
0.070961226,0.009261885,0.161026472,0.606601822,0.077983846,0.079137224,0.037243659,19.6888684,8843444.335,8843444,,
0.058750318,0.014079148,0.157124914,0.053478929,0.037057611,0.058998017,0.145216621,8.525275247,8294450.8,8294451,,
0.093005417,0,0,0,0.090391789,0.03366716,0,0,2814300.123,2814300,,
0.054199384,0.07831918,0,0,0.090391789,0.03366716,0,0,4861445.61,4861446,,
0.054199384,0,0.046982511,0,0.090391789,0.03366716,0,0,3455258.496,3455258,,
0.054199384,0,0,0.400216421,0.090391789,0.03366716,0,0,3990865.774,3990866,,
0.054199384,0,0,0,0.095499555,0.03366716,0,0,2233787.058,2233787,,
0.054199384,0,0,0,0.090391789,0.024911659,0,0,78890657,10000000,,
0.054199384,0,0,0,0.090391789,0.03366716,0.136329727,0,2348588.486,2348588,,
0.054199384,0,0,0,0.090391789,0.03366716,0,4.775838346,2239016.959,2239017,,
0.037785184,0.071348372,0.157053651,0.047485151,0.036395153,0.052681879,0.170855529,15.52107362,8012085.919,8012086,,
0.077032396,0.026943706,0.054921123,0.169254558,0.002219364,0.052473498,0.160891285,19.56752319,8284924.141,8284924,,
0.104142379,0.028076904,0.162982659,0.133472963,0.106515457,0.015747062,0.168462222,12.26017259,8874327.224,8874327,,
0.087633607,0.022340048,0.099687187,0.297597821,0.140171882,0.063785193,0.045723655,11.51757444,9031538.412,9031538,,
0.105024054,0.022350803,0.143728836,0.595285992,0.099746394,0.02910165,0.069012546,17.59308799,8963001,8963001,,
0.050109532,0.163545855,0.001823353,0.619510463,0.158268196,0.042836542,0.154456829,11.18205934,8314985.535,8314986,,
0.001458109,0.04835303,0.066152071,0.106058155,0.106894757,0.046330145,0.164414498,25.57642561,337835174.6,10000000,,
0.102656092,0.088317769,0.098261722,0.574433332,0.160319514,0.044608033,0.071894708,0.441358436,9179496.053,9179496,,
0.103436041,0,0,0,0.090391789,0.03366716,0,0,2974822.674,2974823,,
0.054199384,0.141751593,0,0,0.090391789,0.03366716,0,0,4934404.311,4934404,,
0.054199384,0,0.005695254,0,0.090391789,0.03366716,0,0,3380634.838,3380635,,
0.054199384,0,0,0.50153597,0.090391789,0.03366716,0,0,3990865.774,3990866,,
0.054199384,0,0,0,0.064269395,0.03366716,0,0,684073433.3,10000000,,
0.054199384,0,0,0,0.090391789,0.004480241,0,0,854142451.8,10000000,,
0.054199384,0,0,0,0.090391789,0.03366716,0.124876743,0,2347841.13,2347841,,
0.054199384,0,0,0,0.090391789,0.03366716,0,27.88070759,2344943.433,2344943,,
0.087645946,0.161460395,0.122374835,0.514690698,0.118009546,0.064824725,0.001440819,22.31996452,9216461.64,9216462,,
0.067920664,0.049044364,0.022782644,0.415083801,0.120090908,0.00650498,0.113233407,20.10381325,8080782.657,8080783,,
0.088317702,0.072189095,0.095671296,0.472268459,0.167670658,0.040498873,0.01542544,27.50289845,9042854.727,9042855,,
0.056025039,0.089695195,0.062753506,0.559802304,0.085546627,0.008733006,0.131264531,7.126377479,7865808.663,7865809,,
0.038363476,0.067222005,0.091343629,0.141212783,0.026231108,0.052965344,0.131213507,23.64487279,7901528.476,7901528,,
0.011990844,0.124217821,0.147004629,0.223246908,0.001039571,0.042362547,0.087311625,14.23042001,7437840.952,7437841,,
0.061712826,0.011049641,0.043422196,0.492894638,0.041948769,0.055946724,0.116153862,4.376708592,8098532.463,8098532,,
0.024542416,0.134426161,0.080118767,0.600532914,0.072304836,0.041273839,0.081086964,11.84212769,7733186.525,7733187,,
0.002339323,0,0,0,0.090391789,0.03366716,0,0,7.57484E+12,10000000,,
0.054199384,0.00070803,0,0,0.090391789,0.03366716,0,0,4772178.808,4772179,,
0.054199384,0,0.078912958,0,0.090391789,0.03366716,0,0,3512970.412,3512970,,
0.054199384,0,0,0.358295712,0.090391789,0.03366716,0,0,3990865.774,3990866,,
0.054199384,0,0,0,0.026653225,0.03366716,0,0,4063545068,10000000,,
0.054199384,0,0,0,0.090391789,0.064844374,0,0,2498682.1,2498682,,
0.054199384,0,0,0,0.090391789,0.03366716,0.106275993,0,2346627.351,2346627,,
0.054199384,0,0,0,0.090391789,0.03366716,0,10.3694208,2264661.27,2264661,,
0.112753253,0.04368003,0.11274192,0.559684946,0.0607124,0.041801222,0.149485277,16.91178119,9039946.23,9039946,,
0.052664535,0.062025998,0.077789025,0.057188961,0.069851008,0.077302443,0.088612758,1.135228394,8347293.446,8347293,,
0.10055675,0.048611491,0.143489659,0.392931975,0.11258896,0.004541851,0.142002755,18.44070119,8752753.091,8752753,,
0.03142491,0.015603918,0.155854078,0.041778425,0.091023074,0.053071494,0.042015971,11.66374442,8003584.709,8003585,,
0.081639349,0.145073426,0.000791412,0.523107319,0.149366388,0.00918355,0.153699196,17.82224961,8474501.92,8474502,,
0.002829378,0.047920593,0.041027034,0.247016677,0.027212309,0.065134044,0.014002166,12.86439459,1.64949E+12,10000000,,
0.095591736,0.124646458,0.028498838,0.141788724,0.012201371,0.026036776,0.144131749,17.54944935,8418612.984,8418613,,
0.089023605,0.152848845,0.012045832,0.09015056,0.13782889,0.050989907,0.003165133,5.6884025,8891921.5,8891921,,
0.035126092,0,0,0,0.090391789,0.03366716,0,0,1.02444E+12,10000000,,
0.054199384,0.127555933,0,0,0.090391789,0.03366716,0,0,4918076.745,4918077,,
0.054199384,0,0.060295168,0,0.090391789,0.03366716,0,0,3479320.137,3479320,,
0.054199384,0,0,0.367926655,0.090391789,0.03366716,0,0,3990865.774,3990866,,
0.054199384,0,0,0,0.001413724,0.03366716,0,0,7917530978,10000000,,
0.054199384,0,0,0,0.090391789,0.009916335,0,0,566358757.7,10000000,,
0.054199384,0,0,0,0.090391789,0.03366716,0.171490154,0,2350882.855,2350883,,
0.054199384,0,0,0,0.090391789,0.03366716,0,5.623625659,2242903.72,2242904,,
